seat_id,event_id,section,row,seat_number,price,status,booked_by_user_id
EVT00001-C-11,EVT00001,C,1,1,127.34,available,
EVT00001-VIP-12,EVT00001,VIP,1,2,254.68,available,
EVT00001-VIP-13,EVT00001,VIP,1,3,254.68,available,
EVT00001-B-14,EVT00001,B,1,4,127.34,available,
EVT00001-VIP-15,EVT00001,VIP,1,5,254.68,booked,USR00098
EVT00001-Floor-16,EVT00001,Floor,1,6,191.01,available,
EVT00001-C-17,EVT00001,C,1,7,127.34,available,
EVT00001-C-18,EVT00001,C,1,8,127.34,booked,USR00169
EVT00001-VIP-19,EVT00001,VIP,1,9,254.68,booked,USR00145
EVT00001-A-110,EVT00001,A,1,10,127.34,available,
EVT00001-VIP-21,EVT00001,VIP,2,1,254.68,available,
EVT00001-C-22,EVT00001,C,2,2,127.34,available,
EVT00001-B-23,EVT00001,B,2,3,127.34,available,
EVT00001-C-24,EVT00001,C,2,4,127.34,booked,USR00049
EVT00001-Floor-25,EVT00001,Floor,2,5,191.01,booked,USR00194
EVT00001-B-26,EVT00001,B,2,6,127.34,available,
EVT00001-A-27,EVT00001,A,2,7,127.34,booked,USR00113
EVT00001-A-28,EVT00001,A,2,8,127.34,available,
EVT00001-B-29,EVT00001,B,2,9,127.34,booked,USR00076
EVT00001-C-210,EVT00001,C,2,10,127.34,available,
EVT00001-B-31,EVT00001,B,3,1,127.34,booked,USR00139
EVT00001-C-32,EVT00001,C,3,2,127.34,available,
EVT00001-C-33,EVT00001,C,3,3,127.34,available,
EVT00001-C-34,EVT00001,C,3,4,127.34,available,
EVT00001-VIP-35,EVT00001,VIP,3,5,254.68,available,
EVT00001-C-36,EVT00001,C,3,6,127.34,available,
EVT00001-C-37,EVT00001,C,3,7,127.34,available,
EVT00001-VIP-38,EVT00001,VIP,3,8,254.68,available,
EVT00001-B-39,EVT00001,B,3,9,127.34,available,
EVT00001-B-310,EVT00001,B,3,10,127.34,available,
EVT00001-VIP-41,EVT00001,VIP,4,1,254.68,available,
EVT00001-Floor-42,EVT00001,Floor,4,2,191.01,available,
EVT00001-VIP-43,EVT00001,VIP,4,3,254.68,booked,USR00138
EVT00001-A-44,EVT00001,A,4,4,127.34,available,
EVT00001-C-45,EVT00001,C,4,5,127.34,available,
EVT00001-C-46,EVT00001,C,4,6,127.34,booked,USR00060
EVT00001-VIP-47,EVT00001,VIP,4,7,254.68,booked,USR00144
EVT00001-C-48,EVT00001,C,4,8,127.34,available,
EVT00001-B-49,EVT00001,B,4,9,127.34,available,
EVT00001-VIP-410,EVT00001,VIP,4,10,254.68,available,
EVT00001-C-51,EVT00001,C,5,1,127.34,available,
EVT00001-A-52,EVT00001,A,5,2,127.34,booked,USR00010
EVT00001-C-53,EVT00001,C,5,3,127.34,available,
EVT00001-A-54,EVT00001,A,5,4,127.34,booked,USR00138
EVT00001-B-55,EVT00001,B,5,5,127.34,available,
EVT00001-C-56,EVT00001,C,5,6,127.34,available,
EVT00001-Floor-57,EVT00001,Floor,5,7,191.01,available,
EVT00001-B-58,EVT00001,B,5,8,127.34,available,
EVT00001-A-59,EVT00001,A,5,9,127.34,available,
EVT00001-Floor-510,EVT00001,Floor,5,10,191.01,available,
EVT00001-C-61,EVT00001,C,6,1,127.34,booked,USR00095
EVT00001-B-62,EVT00001,B,6,2,127.34,available,
EVT00001-B-63,EVT00001,B,6,3,127.34,available,
EVT00001-A-64,EVT00001,A,6,4,127.34,available,
EVT00001-C-65,EVT00001,C,6,5,127.34,available,
EVT00001-C-66,EVT00001,C,6,6,127.34,booked,USR00071
EVT00001-B-67,EVT00001,B,6,7,127.34,available,
EVT00001-VIP-68,EVT00001,VIP,6,8,254.68,booked,USR00055
EVT00001-Floor-69,EVT00001,Floor,6,9,191.01,available,
EVT00001-A-610,EVT00001,A,6,10,127.34,available,
EVT00001-B-71,EVT00001,B,7,1,127.34,available,
EVT00001-Floor-72,EVT00001,Floor,7,2,191.01,booked,USR00196
EVT00001-Floor-73,EVT00001,Floor,7,3,191.01,booked,USR00056
EVT00001-B-74,EVT00001,B,7,4,127.34,booked,USR00038
EVT00001-Floor-75,EVT00001,Floor,7,5,191.01,booked,USR00038
EVT00001-B-76,EVT00001,B,7,6,127.34,available,
EVT00001-B-77,EVT00001,B,7,7,127.34,booked,USR00007
EVT00001-B-78,EVT00001,B,7,8,127.34,booked,USR00061
EVT00001-Floor-79,EVT00001,Floor,7,9,191.01,booked,USR00045
EVT00001-C-710,EVT00001,C,7,10,127.34,booked,USR00190
EVT00001-VIP-81,EVT00001,VIP,8,1,254.68,available,
EVT00001-A-82,EVT00001,A,8,2,127.34,available,
EVT00001-C-83,EVT00001,C,8,3,127.34,available,
EVT00001-A-84,EVT00001,A,8,4,127.34,available,
EVT00001-B-85,EVT00001,B,8,5,127.34,available,
EVT00001-A-86,EVT00001,A,8,6,127.34,available,
EVT00001-Floor-87,EVT00001,Floor,8,7,191.01,booked,USR00165
EVT00001-A-88,EVT00001,A,8,8,127.34,booked,USR00123
EVT00001-VIP-89,EVT00001,VIP,8,9,254.68,available,
EVT00001-A-810,EVT00001,A,8,10,127.34,available,
EVT00001-VIP-91,EVT00001,VIP,9,1,254.68,booked,USR00021
EVT00001-C-92,EVT00001,C,9,2,127.34,available,
EVT00001-A-93,EVT00001,A,9,3,127.34,booked,USR00160
EVT00001-Floor-94,EVT00001,Floor,9,4,191.01,available,
EVT00001-C-95,EVT00001,C,9,5,127.34,available,
EVT00001-Floor-96,EVT00001,Floor,9,6,191.01,available,
EVT00001-VIP-97,EVT00001,VIP,9,7,254.68,available,
EVT00001-VIP-98,EVT00001,VIP,9,8,254.68,booked,USR00180
EVT00001-A-99,EVT00001,A,9,9,127.34,available,
EVT00001-Floor-910,EVT00001,Floor,9,10,191.01,available,
EVT00001-B-101,EVT00001,B,10,1,127.34,available,
EVT00001-B-102,EVT00001,B,10,2,127.34,available,
EVT00001-VIP-103,EVT00001,VIP,10,3,254.68,available,
EVT00001-A-104,EVT00001,A,10,4,127.34,booked,USR00081
EVT00001-C-105,EVT00001,C,10,5,127.34,available,
EVT00001-B-106,EVT00001,B,10,6,127.34,available,
EVT00001-VIP-107,EVT00001,VIP,10,7,254.68,booked,USR00022
EVT00001-A-108,EVT00001,A,10,8,127.34,available,
EVT00001-C-109,EVT00001,C,10,9,127.34,available,
EVT00001-Floor-1010,EVT00001,Floor,10,10,191.01,booked,USR00144
EVT00002-Floor-11,EVT00002,Floor,1,1,259.45,booked,USR00032
EVT00002-VIP-12,EVT00002,VIP,1,2,345.94,available,
EVT00002-VIP-13,EVT00002,VIP,1,3,345.94,available,
EVT00002-A-14,EVT00002,A,1,4,172.97,available,
EVT00002-Floor-15,EVT00002,Floor,1,5,259.45,booked,USR00027
EVT00002-Floor-16,EVT00002,Floor,1,6,259.45,available,
EVT00002-B-17,EVT00002,B,1,7,172.97,available,
EVT00002-B-18,EVT00002,B,1,8,172.97,available,
EVT00002-C-19,EVT00002,C,1,9,172.97,available,
EVT00002-C-110,EVT00002,C,1,10,172.97,booked,USR00072
EVT00002-Floor-21,EVT00002,Floor,2,1,259.45,booked,USR00110
EVT00002-Floor-22,EVT00002,Floor,2,2,259.45,available,
EVT00002-Floor-23,EVT00002,Floor,2,3,259.45,available,
EVT00002-Floor-24,EVT00002,Floor,2,4,259.45,booked,USR00169
EVT00002-C-25,EVT00002,C,2,5,172.97,booked,USR00070
EVT00002-C-26,EVT00002,C,2,6,172.97,available,
EVT00002-C-27,EVT00002,C,2,7,172.97,booked,USR00037
EVT00002-Floor-28,EVT00002,Floor,2,8,259.45,available,
EVT00002-A-29,EVT00002,A,2,9,172.97,booked,USR00163
EVT00002-A-210,EVT00002,A,2,10,172.97,booked,USR00136
EVT00002-B-31,EVT00002,B,3,1,172.97,available,
EVT00002-VIP-32,EVT00002,VIP,3,2,345.94,booked,USR00095
EVT00002-C-33,EVT00002,C,3,3,172.97,available,
EVT00002-Floor-34,EVT00002,Floor,3,4,259.45,available,
EVT00002-A-35,EVT00002,A,3,5,172.97,booked,USR00194
EVT00002-Floor-36,EVT00002,Floor,3,6,259.45,booked,USR00021
EVT00002-C-37,EVT00002,C,3,7,172.97,available,
EVT00002-VIP-38,EVT00002,VIP,3,8,345.94,available,
EVT00002-VIP-39,EVT00002,VIP,3,9,345.94,available,
EVT00002-B-310,EVT00002,B,3,10,172.97,available,
EVT00002-A-41,EVT00002,A,4,1,172.97,booked,USR00029
EVT00002-C-42,EVT00002,C,4,2,172.97,available,
EVT00002-Floor-43,EVT00002,Floor,4,3,259.45,available,
EVT00002-C-44,EVT00002,C,4,4,172.97,booked,USR00102
EVT00002-Floor-45,EVT00002,Floor,4,5,259.45,booked,USR00053
EVT00002-C-46,EVT00002,C,4,6,172.97,available,
EVT00002-B-47,EVT00002,B,4,7,172.97,available,
EVT00002-C-48,EVT00002,C,4,8,172.97,booked,USR00002
EVT00002-VIP-49,EVT00002,VIP,4,9,345.94,available,
EVT00002-B-410,EVT00002,B,4,10,172.97,booked,USR00137
EVT00002-B-51,EVT00002,B,5,1,172.97,available,
EVT00002-C-52,EVT00002,C,5,2,172.97,booked,USR00190
EVT00002-A-53,EVT00002,A,5,3,172.97,available,
EVT00002-VIP-54,EVT00002,VIP,5,4,345.94,available,
EVT00002-C-55,EVT00002,C,5,5,172.97,available,
EVT00002-Floor-56,EVT00002,Floor,5,6,259.45,available,
EVT00002-VIP-57,EVT00002,VIP,5,7,345.94,booked,USR00104
EVT00002-A-58,EVT00002,A,5,8,172.97,available,
EVT00002-B-59,EVT00002,B,5,9,172.97,available,
EVT00002-Floor-510,EVT00002,Floor,5,10,259.45,available,
EVT00002-C-61,EVT00002,C,6,1,172.97,booked,USR00028
EVT00002-B-62,EVT00002,B,6,2,172.97,available,
EVT00002-VIP-63,EVT00002,VIP,6,3,345.94,available,
EVT00002-VIP-64,EVT00002,VIP,6,4,345.94,available,
EVT00002-C-65,EVT00002,C,6,5,172.97,booked,USR00200
EVT00002-B-66,EVT00002,B,6,6,172.97,booked,USR00163
EVT00002-A-67,EVT00002,A,6,7,172.97,available,
EVT00002-B-68,EVT00002,B,6,8,172.97,available,
EVT00002-C-69,EVT00002,C,6,9,172.97,available,
EVT00002-B-610,EVT00002,B,6,10,172.97,booked,USR00038
EVT00002-C-71,EVT00002,C,7,1,172.97,booked,USR00155
EVT00002-B-72,EVT00002,B,7,2,172.97,available,
EVT00002-A-73,EVT00002,A,7,3,172.97,booked,USR00198
EVT00002-VIP-74,EVT00002,VIP,7,4,345.94,available,
EVT00002-Floor-75,EVT00002,Floor,7,5,259.45,available,
EVT00002-VIP-76,EVT00002,VIP,7,6,345.94,available,
EVT00002-Floor-77,EVT00002,Floor,7,7,259.45,available,
EVT00002-Floor-78,EVT00002,Floor,7,8,259.45,booked,USR00161
EVT00002-C-79,EVT00002,C,7,9,172.97,booked,USR00018
EVT00002-VIP-710,EVT00002,VIP,7,10,345.94,available,
EVT00002-C-81,EVT00002,C,8,1,172.97,available,
EVT00002-Floor-82,EVT00002,Floor,8,2,259.45,booked,USR00130
EVT00002-A-83,EVT00002,A,8,3,172.97,booked,USR00116
EVT00002-A-84,EVT00002,A,8,4,172.97,booked,USR00074
EVT00002-A-85,EVT00002,A,8,5,172.97,available,
EVT00002-A-86,EVT00002,A,8,6,172.97,available,
EVT00002-Floor-87,EVT00002,Floor,8,7,259.45,available,
EVT00002-Floor-88,EVT00002,Floor,8,8,259.45,available,
EVT00002-A-89,EVT00002,A,8,9,172.97,available,
EVT00002-Floor-810,EVT00002,Floor,8,10,259.45,available,
EVT00002-C-91,EVT00002,C,9,1,172.97,available,
EVT00002-Floor-92,EVT00002,Floor,9,2,259.45,booked,USR00016
EVT00002-VIP-93,EVT00002,VIP,9,3,345.94,booked,USR00088
EVT00002-A-94,EVT00002,A,9,4,172.97,available,
EVT00002-B-95,EVT00002,B,9,5,172.97,booked,USR00182
EVT00002-VIP-96,EVT00002,VIP,9,6,345.94,available,
EVT00002-Floor-97,EVT00002,Floor,9,7,259.45,available,
EVT00002-B-98,EVT00002,B,9,8,172.97,available,
EVT00002-C-99,EVT00002,C,9,9,172.97,available,
EVT00002-C-910,EVT00002,C,9,10,172.97,available,
EVT00002-A-101,EVT00002,A,10,1,172.97,available,
EVT00002-C-102,EVT00002,C,10,2,172.97,booked,USR00025
EVT00002-Floor-103,EVT00002,Floor,10,3,259.45,available,
EVT00002-C-104,EVT00002,C,10,4,172.97,booked,USR00169
EVT00002-Floor-105,EVT00002,Floor,10,5,259.45,available,
EVT00002-C-106,EVT00002,C,10,6,172.97,booked,USR00170
EVT00002-B-107,EVT00002,B,10,7,172.97,available,
EVT00002-C-108,EVT00002,C,10,8,172.97,available,
EVT00002-VIP-109,EVT00002,VIP,10,9,345.94,booked,USR00182
EVT00002-A-1010,EVT00002,A,10,10,172.97,booked,USR00097
EVT00002-C-111,EVT00002,C,11,1,172.97,available,
EVT00002-Floor-112,EVT00002,Floor,11,2,259.45,booked,USR00172
EVT00002-VIP-113,EVT00002,VIP,11,3,345.94,available,
EVT00002-A-114,EVT00002,A,11,4,172.97,available,
EVT00002-B-115,EVT00002,B,11,5,172.97,available,
EVT00002-C-116,EVT00002,C,11,6,172.97,available,
EVT00002-VIP-117,EVT00002,VIP,11,7,345.94,booked,USR00036
EVT00002-B-118,EVT00002,B,11,8,172.97,booked,USR00026
EVT00002-Floor-119,EVT00002,Floor,11,9,259.45,available,
EVT00002-Floor-1110,EVT00002,Floor,11,10,259.45,booked,USR00087
EVT00002-Floor-121,EVT00002,Floor,12,1,259.45,booked,USR00097
EVT00002-B-122,EVT00002,B,12,2,172.97,booked,USR00178
EVT00002-Floor-123,EVT00002,Floor,12,3,259.45,available,
EVT00002-B-124,EVT00002,B,12,4,172.97,available,
EVT00002-A-125,EVT00002,A,12,5,172.97,available,
EVT00002-B-126,EVT00002,B,12,6,172.97,available,
EVT00002-Floor-127,EVT00002,Floor,12,7,259.45,booked,USR00192
EVT00002-VIP-128,EVT00002,VIP,12,8,345.94,booked,USR00062
EVT00002-C-129,EVT00002,C,12,9,172.97,available,
EVT00002-VIP-1210,EVT00002,VIP,12,10,345.94,available,
EVT00002-B-131,EVT00002,B,13,1,172.97,available,
EVT00002-Floor-132,EVT00002,Floor,13,2,259.45,available,
EVT00002-VIP-133,EVT00002,VIP,13,3,345.94,available,
EVT00002-VIP-134,EVT00002,VIP,13,4,345.94,available,
EVT00002-VIP-135,EVT00002,VIP,13,5,345.94,available,
EVT00002-B-136,EVT00002,B,13,6,172.97,available,
EVT00002-B-137,EVT00002,B,13,7,172.97,available,
EVT00002-A-138,EVT00002,A,13,8,172.97,available,
EVT00002-C-139,EVT00002,C,13,9,172.97,available,
EVT00002-A-1310,EVT00002,A,13,10,172.97,available,
EVT00002-Floor-141,EVT00002,Floor,14,1,259.45,available,
EVT00002-C-142,EVT00002,C,14,2,172.97,booked,USR00042
EVT00002-C-143,EVT00002,C,14,3,172.97,available,
EVT00002-Floor-144,EVT00002,Floor,14,4,259.45,booked,USR00112
EVT00002-A-145,EVT00002,A,14,5,172.97,available,
EVT00002-B-146,EVT00002,B,14,6,172.97,available,
EVT00002-C-147,EVT00002,C,14,7,172.97,available,
EVT00002-VIP-148,EVT00002,VIP,14,8,345.94,booked,USR00129
EVT00002-C-149,EVT00002,C,14,9,172.97,booked,USR00021
EVT00002-C-1410,EVT00002,C,14,10,172.97,booked,USR00082
EVT00002-A-151,EVT00002,A,15,1,172.97,available,
EVT00002-C-152,EVT00002,C,15,2,172.97,available,
EVT00002-B-153,EVT00002,B,15,3,172.97,booked,USR00121
EVT00002-B-154,EVT00002,B,15,4,172.97,available,
EVT00002-VIP-155,EVT00002,VIP,15,5,345.94,available,
EVT00002-A-156,EVT00002,A,15,6,172.97,available,
EVT00002-A-157,EVT00002,A,15,7,172.97,booked,USR00039
EVT00002-Floor-158,EVT00002,Floor,15,8,259.45,available,
EVT00002-Floor-159,EVT00002,Floor,15,9,259.45,available,
EVT00002-A-1510,EVT00002,A,15,10,172.97,available,
EVT00003-B-11,EVT00003,B,1,1,165.72,booked,USR00013
EVT00003-B-12,EVT00003,B,1,2,165.72,available,
EVT00003-Floor-13,EVT00003,Floor,1,3,248.58,available,
EVT00003-A-14,EVT00003,A,1,4,165.72,available,
EVT00003-VIP-15,EVT00003,VIP,1,5,331.44,available,
EVT00003-A-16,EVT00003,A,1,6,165.72,available,
EVT00003-Floor-17,EVT00003,Floor,1,7,248.58,booked,USR00037
EVT00003-C-18,EVT00003,C,1,8,165.72,available,
EVT00003-Floor-19,EVT00003,Floor,1,9,248.58,available,
EVT00003-Floor-110,EVT00003,Floor,1,10,248.58,available,
EVT00003-A-21,EVT00003,A,2,1,165.72,available,
EVT00003-C-22,EVT00003,C,2,2,165.72,booked,USR00135
EVT00003-Floor-23,EVT00003,Floor,2,3,248.58,available,
EVT00003-Floor-24,EVT00003,Floor,2,4,248.58,available,
EVT00003-VIP-25,EVT00003,VIP,2,5,331.44,available,
EVT00003-A-26,EVT00003,A,2,6,165.72,available,
EVT00003-C-27,EVT00003,C,2,7,165.72,booked,USR00005
EVT00003-C-28,EVT00003,C,2,8,165.72,available,
EVT00003-C-29,EVT00003,C,2,9,165.72,booked,USR00169
EVT00003-A-210,EVT00003,A,2,10,165.72,available,
EVT00003-C-31,EVT00003,C,3,1,165.72,booked,USR00091
EVT00003-Floor-32,EVT00003,Floor,3,2,248.58,booked,USR00165
EVT00003-B-33,EVT00003,B,3,3,165.72,available,
EVT00003-VIP-34,EVT00003,VIP,3,4,331.44,available,
EVT00003-VIP-35,EVT00003,VIP,3,5,331.44,available,
EVT00003-B-36,EVT00003,B,3,6,165.72,booked,USR00199
EVT00003-VIP-37,EVT00003,VIP,3,7,331.44,booked,USR00052
EVT00003-A-38,EVT00003,A,3,8,165.72,available,
EVT00003-A-39,EVT00003,A,3,9,165.72,booked,USR00080
EVT00003-Floor-310,EVT00003,Floor,3,10,248.58,available,
EVT00003-Floor-41,EVT00003,Floor,4,1,248.58,available,
EVT00003-A-42,EVT00003,A,4,2,165.72,available,
EVT00003-B-43,EVT00003,B,4,3,165.72,booked,USR00200
EVT00003-A-44,EVT00003,A,4,4,165.72,available,
EVT00003-C-45,EVT00003,C,4,5,165.72,booked,USR00095
EVT00003-VIP-46,EVT00003,VIP,4,6,331.44,available,
EVT00003-VIP-47,EVT00003,VIP,4,7,331.44,available,
EVT00003-VIP-48,EVT00003,VIP,4,8,331.44,booked,USR00048
EVT00003-VIP-49,EVT00003,VIP,4,9,331.44,available,
EVT00003-C-410,EVT00003,C,4,10,165.72,available,
EVT00003-Floor-51,EVT00003,Floor,5,1,248.58,booked,USR00022
EVT00003-VIP-52,EVT00003,VIP,5,2,331.44,booked,USR00155
EVT00003-B-53,EVT00003,B,5,3,165.72,available,
EVT00003-C-54,EVT00003,C,5,4,165.72,booked,USR00084
EVT00003-C-55,EVT00003,C,5,5,165.72,booked,USR00155
EVT00003-VIP-56,EVT00003,VIP,5,6,331.44,booked,USR00114
EVT00003-C-57,EVT00003,C,5,7,165.72,available,
EVT00003-C-58,EVT00003,C,5,8,165.72,available,
EVT00003-VIP-59,EVT00003,VIP,5,9,331.44,booked,USR00015
EVT00003-A-510,EVT00003,A,5,10,165.72,available,
EVT00003-VIP-61,EVT00003,VIP,6,1,331.44,available,
EVT00003-B-62,EVT00003,B,6,2,165.72,available,
EVT00003-B-63,EVT00003,B,6,3,165.72,available,
EVT00003-VIP-64,EVT00003,VIP,6,4,331.44,booked,USR00018
EVT00003-B-65,EVT00003,B,6,5,165.72,available,
EVT00003-C-66,EVT00003,C,6,6,165.72,available,
EVT00003-Floor-67,EVT00003,Floor,6,7,248.58,booked,USR00040
EVT00003-VIP-68,EVT00003,VIP,6,8,331.44,available,
EVT00003-C-69,EVT00003,C,6,9,165.72,available,
EVT00003-A-610,EVT00003,A,6,10,165.72,available,
EVT00003-Floor-71,EVT00003,Floor,7,1,248.58,available,
EVT00003-C-72,EVT00003,C,7,2,165.72,available,
EVT00003-B-73,EVT00003,B,7,3,165.72,available,
EVT00003-A-74,EVT00003,A,7,4,165.72,available,
EVT00003-VIP-75,EVT00003,VIP,7,5,331.44,available,
EVT00003-Floor-76,EVT00003,Floor,7,6,248.58,booked,USR00199
EVT00003-C-77,EVT00003,C,7,7,165.72,available,
EVT00003-B-78,EVT00003,B,7,8,165.72,available,
EVT00003-C-79,EVT00003,C,7,9,165.72,available,
EVT00003-VIP-710,EVT00003,VIP,7,10,331.44,booked,USR00035
EVT00003-A-81,EVT00003,A,8,1,165.72,available,
EVT00003-VIP-82,EVT00003,VIP,8,2,331.44,available,
EVT00003-C-83,EVT00003,C,8,3,165.72,available,
EVT00003-A-84,EVT00003,A,8,4,165.72,available,
EVT00003-C-85,EVT00003,C,8,5,165.72,available,
EVT00003-B-86,EVT00003,B,8,6,165.72,available,
EVT00003-B-87,EVT00003,B,8,7,165.72,available,
EVT00003-Floor-88,EVT00003,Floor,8,8,248.58,booked,USR00052
EVT00003-B-89,EVT00003,B,8,9,165.72,booked,USR00127
EVT00003-A-810,EVT00003,A,8,10,165.72,available,
EVT00003-Floor-91,EVT00003,Floor,9,1,248.58,available,
EVT00003-Floor-92,EVT00003,Floor,9,2,248.58,booked,USR00023
EVT00003-A-93,EVT00003,A,9,3,165.72,booked,USR00184
EVT00003-VIP-94,EVT00003,VIP,9,4,331.44,available,
EVT00003-VIP-95,EVT00003,VIP,9,5,331.44,available,
EVT00003-A-96,EVT00003,A,9,6,165.72,booked,USR00082
EVT00003-A-97,EVT00003,A,9,7,165.72,available,
EVT00003-Floor-98,EVT00003,Floor,9,8,248.58,booked,USR00200
EVT00003-Floor-99,EVT00003,Floor,9,9,248.58,available,
EVT00003-B-910,EVT00003,B,9,10,165.72,available,
EVT00003-B-101,EVT00003,B,10,1,165.72,available,
EVT00003-A-102,EVT00003,A,10,2,165.72,available,
EVT00003-Floor-103,EVT00003,Floor,10,3,248.58,booked,USR00043
EVT00003-B-104,EVT00003,B,10,4,165.72,booked,USR00182
EVT00003-B-105,EVT00003,B,10,5,165.72,booked,USR00133
EVT00003-C-106,EVT00003,C,10,6,165.72,available,
EVT00003-C-107,EVT00003,C,10,7,165.72,booked,USR00142
EVT00003-C-108,EVT00003,C,10,8,165.72,booked,USR00078
EVT00003-Floor-109,EVT00003,Floor,10,9,248.58,available,
EVT00003-Floor-1010,EVT00003,Floor,10,10,248.58,available,
EVT00003-Floor-111,EVT00003,Floor,11,1,248.58,available,
EVT00003-B-112,EVT00003,B,11,2,165.72,booked,USR00160
EVT00003-Floor-113,EVT00003,Floor,11,3,248.58,booked,USR00145
EVT00003-A-114,EVT00003,A,11,4,165.72,available,
EVT00003-A-115,EVT00003,A,11,5,165.72,booked,USR00165
EVT00003-Floor-116,EVT00003,Floor,11,6,248.58,booked,USR00054
EVT00003-Floor-117,EVT00003,Floor,11,7,248.58,available,
EVT00003-A-118,EVT00003,A,11,8,165.72,available,
EVT00003-Floor-119,EVT00003,Floor,11,9,248.58,booked,USR00078
EVT00003-VIP-1110,EVT00003,VIP,11,10,331.44,booked,USR00176
EVT00003-VIP-121,EVT00003,VIP,12,1,331.44,booked,USR00019
EVT00003-A-122,EVT00003,A,12,2,165.72,booked,USR00107
EVT00003-VIP-123,EVT00003,VIP,12,3,331.44,available,
EVT00003-C-124,EVT00003,C,12,4,165.72,available,
EVT00003-C-125,EVT00003,C,12,5,165.72,available,
EVT00003-C-126,EVT00003,C,12,6,165.72,available,
EVT00003-C-127,EVT00003,C,12,7,165.72,available,
EVT00003-B-128,EVT00003,B,12,8,165.72,available,
EVT00003-Floor-129,EVT00003,Floor,12,9,248.58,available,
EVT00003-C-1210,EVT00003,C,12,10,165.72,booked,USR00032
EVT00003-C-131,EVT00003,C,13,1,165.72,available,
EVT00003-B-132,EVT00003,B,13,2,165.72,booked,USR00075
EVT00003-VIP-133,EVT00003,VIP,13,3,331.44,available,
EVT00003-VIP-134,EVT00003,VIP,13,4,331.44,booked,USR00041
EVT00003-C-135,EVT00003,C,13,5,165.72,available,
EVT00003-C-136,EVT00003,C,13,6,165.72,booked,USR00041
EVT00003-VIP-137,EVT00003,VIP,13,7,331.44,available,
EVT00003-VIP-138,EVT00003,VIP,13,8,331.44,available,
EVT00003-C-139,EVT00003,C,13,9,165.72,available,
EVT00003-A-1310,EVT00003,A,13,10,165.72,available,
EVT00003-Floor-141,EVT00003,Floor,14,1,248.58,available,
EVT00003-B-142,EVT00003,B,14,2,165.72,booked,USR00091
EVT00003-A-143,EVT00003,A,14,3,165.72,booked,USR00127
EVT00003-Floor-144,EVT00003,Floor,14,4,248.58,available,
EVT00003-VIP-145,EVT00003,VIP,14,5,331.44,booked,USR00003
EVT00003-A-146,EVT00003,A,14,6,165.72,available,
EVT00003-C-147,EVT00003,C,14,7,165.72,available,
EVT00003-VIP-148,EVT00003,VIP,14,8,331.44,available,
EVT00003-VIP-149,EVT00003,VIP,14,9,331.44,booked,USR00144
EVT00003-B-1410,EVT00003,B,14,10,165.72,available,
EVT00003-C-151,EVT00003,C,15,1,165.72,booked,USR00130
EVT00003-VIP-152,EVT00003,VIP,15,2,331.44,available,
EVT00003-C-153,EVT00003,C,15,3,165.72,available,
EVT00003-Floor-154,EVT00003,Floor,15,4,248.58,available,
EVT00003-A-155,EVT00003,A,15,5,165.72,booked,USR00025
EVT00003-VIP-156,EVT00003,VIP,15,6,331.44,available,
EVT00003-C-157,EVT00003,C,15,7,165.72,available,
EVT00003-C-158,EVT00003,C,15,8,165.72,available,
EVT00003-B-159,EVT00003,B,15,9,165.72,available,
EVT00003-VIP-1510,EVT00003,VIP,15,10,331.44,available,
EVT00003-A-161,EVT00003,A,16,1,165.72,booked,USR00183
EVT00003-C-162,EVT00003,C,16,2,165.72,available,
EVT00003-Floor-163,EVT00003,Floor,16,3,248.58,available,
EVT00003-Floor-164,EVT00003,Floor,16,4,248.58,available,
EVT00003-B-165,EVT00003,B,16,5,165.72,booked,USR00157
EVT00003-C-166,EVT00003,C,16,6,165.72,booked,USR00158
EVT00003-C-167,EVT00003,C,16,7,165.72,available,
EVT00003-Floor-168,EVT00003,Floor,16,8,248.58,available,
EVT00003-Floor-169,EVT00003,Floor,16,9,248.58,available,
EVT00003-Floor-1610,EVT00003,Floor,16,10,248.58,booked,USR00005
EVT00003-C-171,EVT00003,C,17,1,165.72,booked,USR00029
EVT00003-VIP-172,EVT00003,VIP,17,2,331.44,available,
EVT00003-A-173,EVT00003,A,17,3,165.72,available,
EVT00003-C-174,EVT00003,C,17,4,165.72,available,
EVT00003-Floor-175,EVT00003,Floor,17,5,248.58,available,
EVT00003-A-176,EVT00003,A,17,6,165.72,available,
EVT00003-B-177,EVT00003,B,17,7,165.72,available,
EVT00003-Floor-178,EVT00003,Floor,17,8,248.58,available,
EVT00003-VIP-179,EVT00003,VIP,17,9,331.44,booked,USR00175
EVT00003-B-1710,EVT00003,B,17,10,165.72,booked,USR00180
EVT00003-A-181,EVT00003,A,18,1,165.72,booked,USR00113
EVT00003-C-182,EVT00003,C,18,2,165.72,available,
EVT00003-VIP-183,EVT00003,VIP,18,3,331.44,available,
EVT00003-VIP-184,EVT00003,VIP,18,4,331.44,available,
EVT00003-Floor-185,EVT00003,Floor,18,5,248.58,available,
EVT00003-A-186,EVT00003,A,18,6,165.72,available,
EVT00003-Floor-187,EVT00003,Floor,18,7,248.58,booked,USR00084
EVT00003-VIP-188,EVT00003,VIP,18,8,331.44,available,
EVT00003-C-189,EVT00003,C,18,9,165.72,available,
EVT00003-VIP-1810,EVT00003,VIP,18,10,331.44,available,
EVT00003-C-191,EVT00003,C,19,1,165.72,available,
EVT00003-C-192,EVT00003,C,19,2,165.72,available,
EVT00003-B-193,EVT00003,B,19,3,165.72,available,
EVT00003-C-194,EVT00003,C,19,4,165.72,available,
EVT00003-B-195,EVT00003,B,19,5,165.72,available,
EVT00003-C-196,EVT00003,C,19,6,165.72,available,
EVT00003-B-197,EVT00003,B,19,7,165.72,available,
EVT00003-VIP-198,EVT00003,VIP,19,8,331.44,booked,USR00090
EVT00003-Floor-199,EVT00003,Floor,19,9,248.58,available,
EVT00003-C-1910,EVT00003,C,19,10,165.72,booked,USR00147
EVT00003-Floor-201,EVT00003,Floor,20,1,248.58,available,
EVT00003-VIP-202,EVT00003,VIP,20,2,331.44,available,
EVT00003-B-203,EVT00003,B,20,3,165.72,booked,USR00074
EVT00003-A-204,EVT00003,A,20,4,165.72,booked,USR00114
EVT00003-C-205,EVT00003,C,20,5,165.72,available,
EVT00003-B-206,EVT00003,B,20,6,165.72,booked,USR00138
EVT00003-C-207,EVT00003,C,20,7,165.72,available,
EVT00003-C-208,EVT00003,C,20,8,165.72,booked,USR00158
EVT00003-Floor-209,EVT00003,Floor,20,9,248.58,booked,USR00013
EVT00003-Floor-2010,EVT00003,Floor,20,10,248.58,booked,USR00060
EVT00004-A-11,EVT00004,A,1,1,52.32,booked,USR00085
EVT00004-VIP-12,EVT00004,VIP,1,2,104.64,booked,USR00198
EVT00004-B-13,EVT00004,B,1,3,52.32,booked,USR00141
EVT00004-B-14,EVT00004,B,1,4,52.32,available,
EVT00004-VIP-15,EVT00004,VIP,1,5,104.64,available,
EVT00004-B-16,EVT00004,B,1,6,52.32,available,
EVT00004-C-17,EVT00004,C,1,7,52.32,booked,USR00166
EVT00004-A-18,EVT00004,A,1,8,52.32,available,
EVT00004-A-19,EVT00004,A,1,9,52.32,available,
EVT00004-B-110,EVT00004,B,1,10,52.32,available,
EVT00004-A-21,EVT00004,A,2,1,52.32,available,
EVT00004-B-22,EVT00004,B,2,2,52.32,available,
EVT00004-B-23,EVT00004,B,2,3,52.32,available,
EVT00004-A-24,EVT00004,A,2,4,52.32,available,
EVT00004-VIP-25,EVT00004,VIP,2,5,104.64,available,
EVT00004-B-26,EVT00004,B,2,6,52.32,available,
EVT00004-C-27,EVT00004,C,2,7,52.32,available,
EVT00004-A-28,EVT00004,A,2,8,52.32,booked,USR00155
EVT00004-A-29,EVT00004,A,2,9,52.32,available,
EVT00004-C-210,EVT00004,C,2,10,52.32,booked,USR00165
EVT00004-Floor-31,EVT00004,Floor,3,1,78.48,available,
EVT00004-B-32,EVT00004,B,3,2,52.32,available,
EVT00004-VIP-33,EVT00004,VIP,3,3,104.64,booked,USR00029
EVT00004-C-34,EVT00004,C,3,4,52.32,booked,USR00118
EVT00004-C-35,EVT00004,C,3,5,52.32,available,
EVT00004-A-36,EVT00004,A,3,6,52.32,available,
EVT00004-C-37,EVT00004,C,3,7,52.32,available,
EVT00004-B-38,EVT00004,B,3,8,52.32,booked,USR00164
EVT00004-VIP-39,EVT00004,VIP,3,9,104.64,available,
EVT00004-Floor-310,EVT00004,Floor,3,10,78.48,booked,USR00103
EVT00004-A-41,EVT00004,A,4,1,52.32,booked,USR00036
EVT00004-VIP-42,EVT00004,VIP,4,2,104.64,booked,USR00064
EVT00004-A-43,EVT00004,A,4,3,52.32,booked,USR00061
EVT00004-VIP-44,EVT00004,VIP,4,4,104.64,available,
EVT00004-C-45,EVT00004,C,4,5,52.32,booked,USR00186
EVT00004-Floor-46,EVT00004,Floor,4,6,78.48,booked,USR00168
EVT00004-C-47,EVT00004,C,4,7,52.32,available,
EVT00004-A-48,EVT00004,A,4,8,52.32,available,
EVT00004-VIP-49,EVT00004,VIP,4,9,104.64,booked,USR00104
EVT00004-Floor-410,EVT00004,Floor,4,10,78.48,available,
EVT00004-C-51,EVT00004,C,5,1,52.32,available,
EVT00004-C-52,EVT00004,C,5,2,52.32,available,
EVT00004-B-53,EVT00004,B,5,3,52.32,booked,USR00035
EVT00004-VIP-54,EVT00004,VIP,5,4,104.64,booked,USR00192
EVT00004-Floor-55,EVT00004,Floor,5,5,78.48,available,
EVT00004-Floor-56,EVT00004,Floor,5,6,78.48,available,
EVT00004-Floor-57,EVT00004,Floor,5,7,78.48,available,
EVT00004-B-58,EVT00004,B,5,8,52.32,available,
EVT00004-Floor-59,EVT00004,Floor,5,9,78.48,available,
EVT00004-A-510,EVT00004,A,5,10,52.32,available,
EVT00005-Floor-11,EVT00005,Floor,1,1,113.34,available,
EVT00005-A-12,EVT00005,A,1,2,75.56,available,
EVT00005-A-13,EVT00005,A,1,3,75.56,booked,USR00141
EVT00005-Floor-14,EVT00005,Floor,1,4,113.34,booked,USR00138
EVT00005-B-15,EVT00005,B,1,5,75.56,booked,USR00134
EVT00005-VIP-16,EVT00005,VIP,1,6,151.12,booked,USR00053
EVT00005-Floor-17,EVT00005,Floor,1,7,113.34,available,
EVT00005-Floor-18,EVT00005,Floor,1,8,113.34,available,
EVT00005-A-19,EVT00005,A,1,9,75.56,available,
EVT00005-Floor-110,EVT00005,Floor,1,10,113.34,available,
EVT00005-Floor-21,EVT00005,Floor,2,1,113.34,booked,USR00119
EVT00005-C-22,EVT00005,C,2,2,75.56,available,
EVT00005-VIP-23,EVT00005,VIP,2,3,151.12,booked,USR00001
EVT00005-B-24,EVT00005,B,2,4,75.56,available,
EVT00005-A-25,EVT00005,A,2,5,75.56,available,
EVT00005-A-26,EVT00005,A,2,6,75.56,available,
EVT00005-A-27,EVT00005,A,2,7,75.56,available,
EVT00005-A-28,EVT00005,A,2,8,75.56,available,
EVT00005-VIP-29,EVT00005,VIP,2,9,151.12,booked,USR00105
EVT00005-B-210,EVT00005,B,2,10,75.56,available,
EVT00005-VIP-31,EVT00005,VIP,3,1,151.12,available,
EVT00005-VIP-32,EVT00005,VIP,3,2,151.12,available,
EVT00005-VIP-33,EVT00005,VIP,3,3,151.12,available,
EVT00005-Floor-34,EVT00005,Floor,3,4,113.34,booked,USR00090
EVT00005-A-35,EVT00005,A,3,5,75.56,booked,USR00138
EVT00005-VIP-36,EVT00005,VIP,3,6,151.12,available,
EVT00005-B-37,EVT00005,B,3,7,75.56,available,
EVT00005-A-38,EVT00005,A,3,8,75.56,available,
EVT00005-VIP-39,EVT00005,VIP,3,9,151.12,available,
EVT00005-Floor-310,EVT00005,Floor,3,10,113.34,available,
EVT00005-VIP-41,EVT00005,VIP,4,1,151.12,available,
EVT00005-B-42,EVT00005,B,4,2,75.56,available,
EVT00005-B-43,EVT00005,B,4,3,75.56,booked,USR00186
EVT00005-A-44,EVT00005,A,4,4,75.56,booked,USR00170
EVT00005-VIP-45,EVT00005,VIP,4,5,151.12,available,
EVT00005-A-46,EVT00005,A,4,6,75.56,booked,USR00018
EVT00005-A-47,EVT00005,A,4,7,75.56,available,
EVT00005-VIP-48,EVT00005,VIP,4,8,151.12,available,
EVT00005-A-49,EVT00005,A,4,9,75.56,booked,USR00012
EVT00005-VIP-410,EVT00005,VIP,4,10,151.12,available,
EVT00005-Floor-51,EVT00005,Floor,5,1,113.34,booked,USR00199
EVT00005-A-52,EVT00005,A,5,2,75.56,booked,USR00075
EVT00005-B-53,EVT00005,B,5,3,75.56,available,
EVT00005-Floor-54,EVT00005,Floor,5,4,113.34,booked,USR00154
EVT00005-C-55,EVT00005,C,5,5,75.56,booked,USR00037
EVT00005-Floor-56,EVT00005,Floor,5,6,113.34,booked,USR00077
EVT00005-C-57,EVT00005,C,5,7,75.56,booked,USR00152
EVT00005-B-58,EVT00005,B,5,8,75.56,available,
EVT00005-VIP-59,EVT00005,VIP,5,9,151.12,available,
EVT00005-A-510,EVT00005,A,5,10,75.56,available,
EVT00005-VIP-61,EVT00005,VIP,6,1,151.12,available,
EVT00005-C-62,EVT00005,C,6,2,75.56,available,
EVT00005-VIP-63,EVT00005,VIP,6,3,151.12,booked,USR00097
EVT00005-B-64,EVT00005,B,6,4,75.56,available,
EVT00005-VIP-65,EVT00005,VIP,6,5,151.12,booked,USR00058
EVT00005-C-66,EVT00005,C,6,6,75.56,available,
EVT00005-B-67,EVT00005,B,6,7,75.56,available,
EVT00005-A-68,EVT00005,A,6,8,75.56,available,
EVT00005-VIP-69,EVT00005,VIP,6,9,151.12,available,
EVT00005-B-610,EVT00005,B,6,10,75.56,available,
EVT00005-C-71,EVT00005,C,7,1,75.56,booked,USR00166
EVT00005-A-72,EVT00005,A,7,2,75.56,available,
EVT00005-C-73,EVT00005,C,7,3,75.56,booked,USR00186
EVT00005-B-74,EVT00005,B,7,4,75.56,booked,USR00097
EVT00005-Floor-75,EVT00005,Floor,7,5,113.34,available,
EVT00005-A-76,EVT00005,A,7,6,75.56,booked,USR00195
EVT00005-Floor-77,EVT00005,Floor,7,7,113.34,available,
EVT00005-Floor-78,EVT00005,Floor,7,8,113.34,booked,USR00054
EVT00005-C-79,EVT00005,C,7,9,75.56,booked,USR00004
EVT00005-B-710,EVT00005,B,7,10,75.56,available,
EVT00005-A-81,EVT00005,A,8,1,75.56,available,
EVT00005-VIP-82,EVT00005,VIP,8,2,151.12,available,
EVT00005-Floor-83,EVT00005,Floor,8,3,113.34,available,
EVT00005-VIP-84,EVT00005,VIP,8,4,151.12,available,
EVT00005-Floor-85,EVT00005,Floor,8,5,113.34,booked,USR00073
EVT00005-VIP-86,EVT00005,VIP,8,6,151.12,available,
EVT00005-C-87,EVT00005,C,8,7,75.56,booked,USR00093
EVT00005-Floor-88,EVT00005,Floor,8,8,113.34,available,
EVT00005-VIP-89,EVT00005,VIP,8,9,151.12,booked,USR00185
EVT00005-VIP-810,EVT00005,VIP,8,10,151.12,available,
EVT00005-C-91,EVT00005,C,9,1,75.56,available,
EVT00005-C-92,EVT00005,C,9,2,75.56,booked,USR00012
EVT00005-Floor-93,EVT00005,Floor,9,3,113.34,available,
EVT00005-B-94,EVT00005,B,9,4,75.56,booked,USR00142
EVT00005-Floor-95,EVT00005,Floor,9,5,113.34,available,
EVT00005-VIP-96,EVT00005,VIP,9,6,151.12,booked,USR00051
EVT00005-C-97,EVT00005,C,9,7,75.56,booked,USR00146
EVT00005-B-98,EVT00005,B,9,8,75.56,available,
EVT00005-C-99,EVT00005,C,9,9,75.56,booked,USR00126
EVT00005-VIP-910,EVT00005,VIP,9,10,151.12,available,
EVT00005-C-101,EVT00005,C,10,1,75.56,booked,USR00185
EVT00005-Floor-102,EVT00005,Floor,10,2,113.34,available,
EVT00005-Floor-103,EVT00005,Floor,10,3,113.34,available,
EVT00005-A-104,EVT00005,A,10,4,75.56,available,
EVT00005-A-105,EVT00005,A,10,5,75.56,available,
EVT00005-A-106,EVT00005,A,10,6,75.56,available,
EVT00005-VIP-107,EVT00005,VIP,10,7,151.12,booked,USR00162
EVT00005-B-108,EVT00005,B,10,8,75.56,booked,USR00039
EVT00005-A-109,EVT00005,A,10,9,75.56,booked,USR00117
EVT00005-C-1010,EVT00005,C,10,10,75.56,booked,USR00164
EVT00006-Floor-11,EVT00006,Floor,1,1,177.73,available,
EVT00006-VIP-12,EVT00006,VIP,1,2,236.98,booked,USR00137
EVT00006-Floor-13,EVT00006,Floor,1,3,177.73,available,
EVT00006-A-14,EVT00006,A,1,4,118.49,available,
EVT00006-C-15,EVT00006,C,1,5,118.49,available,
EVT00006-C-16,EVT00006,C,1,6,118.49,booked,USR00179
EVT00006-VIP-17,EVT00006,VIP,1,7,236.98,available,
EVT00006-B-18,EVT00006,B,1,8,118.49,booked,USR00025
EVT00006-Floor-19,EVT00006,Floor,1,9,177.73,booked,USR00050
EVT00006-Floor-110,EVT00006,Floor,1,10,177.73,available,
EVT00006-C-21,EVT00006,C,2,1,118.49,booked,USR00102
EVT00006-A-22,EVT00006,A,2,2,118.49,available,
EVT00006-VIP-23,EVT00006,VIP,2,3,236.98,available,
EVT00006-B-24,EVT00006,B,2,4,118.49,available,
EVT00006-B-25,EVT00006,B,2,5,118.49,booked,USR00021
EVT00006-A-26,EVT00006,A,2,6,118.49,booked,USR00098
EVT00006-VIP-27,EVT00006,VIP,2,7,236.98,available,
EVT00006-A-28,EVT00006,A,2,8,118.49,available,
EVT00006-B-29,EVT00006,B,2,9,118.49,booked,USR00112
EVT00006-C-210,EVT00006,C,2,10,118.49,available,
EVT00006-A-31,EVT00006,A,3,1,118.49,available,
EVT00006-A-32,EVT00006,A,3,2,118.49,booked,USR00178
EVT00006-Floor-33,EVT00006,Floor,3,3,177.73,available,
EVT00006-A-34,EVT00006,A,3,4,118.49,available,
EVT00006-C-35,EVT00006,C,3,5,118.49,available,
EVT00006-Floor-36,EVT00006,Floor,3,6,177.73,available,
EVT00006-B-37,EVT00006,B,3,7,118.49,available,
EVT00006-C-38,EVT00006,C,3,8,118.49,booked,USR00054
EVT00006-Floor-39,EVT00006,Floor,3,9,177.73,booked,USR00183
EVT00006-VIP-310,EVT00006,VIP,3,10,236.98,available,
EVT00006-C-41,EVT00006,C,4,1,118.49,booked,USR00062
EVT00006-Floor-42,EVT00006,Floor,4,2,177.73,available,
EVT00006-VIP-43,EVT00006,VIP,4,3,236.98,available,
EVT00006-Floor-44,EVT00006,Floor,4,4,177.73,booked,USR00194
EVT00006-B-45,EVT00006,B,4,5,118.49,available,
EVT00006-A-46,EVT00006,A,4,6,118.49,available,
EVT00006-C-47,EVT00006,C,4,7,118.49,booked,USR00112
EVT00006-B-48,EVT00006,B,4,8,118.49,available,
EVT00006-C-49,EVT00006,C,4,9,118.49,available,
EVT00006-Floor-410,EVT00006,Floor,4,10,177.73,available,
EVT00006-VIP-51,EVT00006,VIP,5,1,236.98,available,
EVT00006-C-52,EVT00006,C,5,2,118.49,booked,USR00070
EVT00006-VIP-53,EVT00006,VIP,5,3,236.98,available,
EVT00006-C-54,EVT00006,C,5,4,118.49,available,
EVT00006-VIP-55,EVT00006,VIP,5,5,236.98,available,
EVT00006-Floor-56,EVT00006,Floor,5,6,177.73,available,
EVT00006-A-57,EVT00006,A,5,7,118.49,available,
EVT00006-C-58,EVT00006,C,5,8,118.49,available,
EVT00006-A-59,EVT00006,A,5,9,118.49,booked,USR00040
EVT00006-VIP-510,EVT00006,VIP,5,10,236.98,available,
EVT00007-B-11,EVT00007,B,1,1,232.42,available,
EVT00007-C-12,EVT00007,C,1,2,232.42,available,
EVT00007-A-13,EVT00007,A,1,3,232.42,booked,USR00079
EVT00007-VIP-14,EVT00007,VIP,1,4,464.84,available,
EVT00007-C-15,EVT00007,C,1,5,232.42,booked,USR00023
EVT00007-B-16,EVT00007,B,1,6,232.42,available,
EVT00007-Floor-17,EVT00007,Floor,1,7,348.63,available,
EVT00007-VIP-18,EVT00007,VIP,1,8,464.84,booked,USR00023
EVT00007-C-19,EVT00007,C,1,9,232.42,available,
EVT00007-Floor-110,EVT00007,Floor,1,10,348.63,available,
EVT00007-C-21,EVT00007,C,2,1,232.42,available,
EVT00007-A-22,EVT00007,A,2,2,232.42,booked,USR00100
EVT00007-A-23,EVT00007,A,2,3,232.42,available,
EVT00007-Floor-24,EVT00007,Floor,2,4,348.63,available,
EVT00007-B-25,EVT00007,B,2,5,232.42,available,
EVT00007-B-26,EVT00007,B,2,6,232.42,available,
EVT00007-B-27,EVT00007,B,2,7,232.42,booked,USR00078
EVT00007-C-28,EVT00007,C,2,8,232.42,available,
EVT00007-A-29,EVT00007,A,2,9,232.42,booked,USR00071
EVT00007-VIP-210,EVT00007,VIP,2,10,464.84,booked,USR00020
EVT00007-C-31,EVT00007,C,3,1,232.42,booked,USR00064
EVT00007-VIP-32,EVT00007,VIP,3,2,464.84,available,
EVT00007-B-33,EVT00007,B,3,3,232.42,available,
EVT00007-B-34,EVT00007,B,3,4,232.42,booked,USR00102
EVT00007-C-35,EVT00007,C,3,5,232.42,available,
EVT00007-VIP-36,EVT00007,VIP,3,6,464.84,available,
EVT00007-C-37,EVT00007,C,3,7,232.42,available,
EVT00007-VIP-38,EVT00007,VIP,3,8,464.84,available,
EVT00007-Floor-39,EVT00007,Floor,3,9,348.63,booked,USR00083
EVT00007-Floor-310,EVT00007,Floor,3,10,348.63,available,
EVT00007-B-41,EVT00007,B,4,1,232.42,available,
EVT00007-B-42,EVT00007,B,4,2,232.42,available,
EVT00007-C-43,EVT00007,C,4,3,232.42,booked,USR00178
EVT00007-VIP-44,EVT00007,VIP,4,4,464.84,available,
EVT00007-B-45,EVT00007,B,4,5,232.42,booked,USR00072
EVT00007-VIP-46,EVT00007,VIP,4,6,464.84,available,
EVT00007-Floor-47,EVT00007,Floor,4,7,348.63,booked,USR00140
EVT00007-B-48,EVT00007,B,4,8,232.42,available,
EVT00007-Floor-49,EVT00007,Floor,4,9,348.63,booked,USR00187
EVT00007-VIP-410,EVT00007,VIP,4,10,464.84,available,
EVT00007-B-51,EVT00007,B,5,1,232.42,available,
EVT00007-C-52,EVT00007,C,5,2,232.42,available,
EVT00007-A-53,EVT00007,A,5,3,232.42,available,
EVT00007-VIP-54,EVT00007,VIP,5,4,464.84,available,
EVT00007-B-55,EVT00007,B,5,5,232.42,available,
EVT00007-B-56,EVT00007,B,5,6,232.42,booked,USR00040
EVT00007-VIP-57,EVT00007,VIP,5,7,464.84,available,
EVT00007-A-58,EVT00007,A,5,8,232.42,available,
EVT00007-Floor-59,EVT00007,Floor,5,9,348.63,available,
EVT00007-VIP-510,EVT00007,VIP,5,10,464.84,available,
EVT00007-VIP-61,EVT00007,VIP,6,1,464.84,available,
EVT00007-C-62,EVT00007,C,6,2,232.42,available,
EVT00007-Floor-63,EVT00007,Floor,6,3,348.63,available,
EVT00007-A-64,EVT00007,A,6,4,232.42,booked,USR00064
EVT00007-C-65,EVT00007,C,6,5,232.42,booked,USR00157
EVT00007-A-66,EVT00007,A,6,6,232.42,available,
EVT00007-VIP-67,EVT00007,VIP,6,7,464.84,available,
EVT00007-C-68,EVT00007,C,6,8,232.42,available,
EVT00007-VIP-69,EVT00007,VIP,6,9,464.84,booked,USR00026
EVT00007-C-610,EVT00007,C,6,10,232.42,booked,USR00192
EVT00007-Floor-71,EVT00007,Floor,7,1,348.63,available,
EVT00007-Floor-72,EVT00007,Floor,7,2,348.63,booked,USR00096
EVT00007-VIP-73,EVT00007,VIP,7,3,464.84,available,
EVT00007-Floor-74,EVT00007,Floor,7,4,348.63,available,
EVT00007-B-75,EVT00007,B,7,5,232.42,booked,USR00007
EVT00007-VIP-76,EVT00007,VIP,7,6,464.84,booked,USR00107
EVT00007-A-77,EVT00007,A,7,7,232.42,booked,USR00187
EVT00007-B-78,EVT00007,B,7,8,232.42,booked,USR00088
EVT00007-VIP-79,EVT00007,VIP,7,9,464.84,available,
EVT00007-Floor-710,EVT00007,Floor,7,10,348.63,available,
EVT00007-VIP-81,EVT00007,VIP,8,1,464.84,booked,USR00185
EVT00007-VIP-82,EVT00007,VIP,8,2,464.84,booked,USR00077
EVT00007-A-83,EVT00007,A,8,3,232.42,available,
EVT00007-A-84,EVT00007,A,8,4,232.42,booked,USR00088
EVT00007-A-85,EVT00007,A,8,5,232.42,available,
EVT00007-B-86,EVT00007,B,8,6,232.42,available,
EVT00007-B-87,EVT00007,B,8,7,232.42,available,
EVT00007-Floor-88,EVT00007,Floor,8,8,348.63,booked,USR00144
EVT00007-VIP-89,EVT00007,VIP,8,9,464.84,available,
EVT00007-B-810,EVT00007,B,8,10,232.42,available,
EVT00007-B-91,EVT00007,B,9,1,232.42,booked,USR00169
EVT00007-VIP-92,EVT00007,VIP,9,2,464.84,available,
EVT00007-Floor-93,EVT00007,Floor,9,3,348.63,available,
EVT00007-VIP-94,EVT00007,VIP,9,4,464.84,available,
EVT00007-VIP-95,EVT00007,VIP,9,5,464.84,booked,USR00055
EVT00007-B-96,EVT00007,B,9,6,232.42,booked,USR00181
EVT00007-A-97,EVT00007,A,9,7,232.42,available,
EVT00007-Floor-98,EVT00007,Floor,9,8,348.63,booked,USR00084
EVT00007-B-99,EVT00007,B,9,9,232.42,available,
EVT00007-C-910,EVT00007,C,9,10,232.42,available,
EVT00007-VIP-101,EVT00007,VIP,10,1,464.84,available,
EVT00007-C-102,EVT00007,C,10,2,232.42,available,
EVT00007-Floor-103,EVT00007,Floor,10,3,348.63,available,
EVT00007-A-104,EVT00007,A,10,4,232.42,booked,USR00118
EVT00007-Floor-105,EVT00007,Floor,10,5,348.63,booked,USR00173
EVT00007-C-106,EVT00007,C,10,6,232.42,available,
EVT00007-Floor-107,EVT00007,Floor,10,7,348.63,booked,USR00035
EVT00007-C-108,EVT00007,C,10,8,232.42,booked,USR00079
EVT00007-A-109,EVT00007,A,10,9,232.42,booked,USR00178
EVT00007-B-1010,EVT00007,B,10,10,232.42,available,
EVT00007-VIP-111,EVT00007,VIP,11,1,464.84,available,
EVT00007-Floor-112,EVT00007,Floor,11,2,348.63,available,
EVT00007-B-113,EVT00007,B,11,3,232.42,available,
EVT00007-Floor-114,EVT00007,Floor,11,4,348.63,available,
EVT00007-B-115,EVT00007,B,11,5,232.42,available,
EVT00007-VIP-116,EVT00007,VIP,11,6,464.84,booked,USR00048
EVT00007-C-117,EVT00007,C,11,7,232.42,available,
EVT00007-Floor-118,EVT00007,Floor,11,8,348.63,booked,USR00092
EVT00007-A-119,EVT00007,A,11,9,232.42,available,
EVT00007-B-1110,EVT00007,B,11,10,232.42,available,
EVT00007-Floor-121,EVT00007,Floor,12,1,348.63,available,
EVT00007-VIP-122,EVT00007,VIP,12,2,464.84,available,
EVT00007-VIP-123,EVT00007,VIP,12,3,464.84,available,
EVT00007-VIP-124,EVT00007,VIP,12,4,464.84,available,
EVT00007-A-125,EVT00007,A,12,5,232.42,available,
EVT00007-B-126,EVT00007,B,12,6,232.42,booked,USR00071
EVT00007-B-127,EVT00007,B,12,7,232.42,available,
EVT00007-B-128,EVT00007,B,12,8,232.42,available,
EVT00007-Floor-129,EVT00007,Floor,12,9,348.63,available,
EVT00007-VIP-1210,EVT00007,VIP,12,10,464.84,available,
EVT00007-A-131,EVT00007,A,13,1,232.42,available,
EVT00007-C-132,EVT00007,C,13,2,232.42,available,
EVT00007-C-133,EVT00007,C,13,3,232.42,available,
EVT00007-A-134,EVT00007,A,13,4,232.42,available,
EVT00007-VIP-135,EVT00007,VIP,13,5,464.84,available,
EVT00007-VIP-136,EVT00007,VIP,13,6,464.84,booked,USR00168
EVT00007-B-137,EVT00007,B,13,7,232.42,booked,USR00009
EVT00007-VIP-138,EVT00007,VIP,13,8,464.84,booked,USR00023
EVT00007-VIP-139,EVT00007,VIP,13,9,464.84,available,
EVT00007-A-1310,EVT00007,A,13,10,232.42,available,
EVT00007-B-141,EVT00007,B,14,1,232.42,booked,USR00189
EVT00007-Floor-142,EVT00007,Floor,14,2,348.63,available,
EVT00007-Floor-143,EVT00007,Floor,14,3,348.63,available,
EVT00007-B-144,EVT00007,B,14,4,232.42,available,
EVT00007-B-145,EVT00007,B,14,5,232.42,available,
EVT00007-A-146,EVT00007,A,14,6,232.42,available,
EVT00007-Floor-147,EVT00007,Floor,14,7,348.63,booked,USR00138
EVT00007-B-148,EVT00007,B,14,8,232.42,booked,USR00181
EVT00007-C-149,EVT00007,C,14,9,232.42,booked,USR00069
EVT00007-Floor-1410,EVT00007,Floor,14,10,348.63,available,
EVT00007-A-151,EVT00007,A,15,1,232.42,booked,USR00193
EVT00007-VIP-152,EVT00007,VIP,15,2,464.84,available,
EVT00007-C-153,EVT00007,C,15,3,232.42,available,
EVT00007-B-154,EVT00007,B,15,4,232.42,available,
EVT00007-B-155,EVT00007,B,15,5,232.42,booked,USR00183
EVT00007-C-156,EVT00007,C,15,6,232.42,available,
EVT00007-VIP-157,EVT00007,VIP,15,7,464.84,available,
EVT00007-Floor-158,EVT00007,Floor,15,8,348.63,available,
EVT00007-VIP-159,EVT00007,VIP,15,9,464.84,available,
EVT00007-A-1510,EVT00007,A,15,10,232.42,available,
EVT00007-A-161,EVT00007,A,16,1,232.42,available,
EVT00007-C-162,EVT00007,C,16,2,232.42,available,
EVT00007-C-163,EVT00007,C,16,3,232.42,available,
EVT00007-VIP-164,EVT00007,VIP,16,4,464.84,booked,USR00001
EVT00007-A-165,EVT00007,A,16,5,232.42,available,
EVT00007-VIP-166,EVT00007,VIP,16,6,464.84,available,
EVT00007-C-167,EVT00007,C,16,7,232.42,available,
EVT00007-Floor-168,EVT00007,Floor,16,8,348.63,available,
EVT00007-VIP-169,EVT00007,VIP,16,9,464.84,available,
EVT00007-VIP-1610,EVT00007,VIP,16,10,464.84,booked,USR00073
EVT00007-C-171,EVT00007,C,17,1,232.42,available,
EVT00007-B-172,EVT00007,B,17,2,232.42,available,
EVT00007-VIP-173,EVT00007,VIP,17,3,464.84,available,
EVT00007-A-174,EVT00007,A,17,4,232.42,booked,USR00161
EVT00007-VIP-175,EVT00007,VIP,17,5,464.84,booked,USR00041
EVT00007-VIP-176,EVT00007,VIP,17,6,464.84,available,
EVT00007-VIP-177,EVT00007,VIP,17,7,464.84,booked,USR00177
EVT00007-B-178,EVT00007,B,17,8,232.42,available,
EVT00007-C-179,EVT00007,C,17,9,232.42,booked,USR00071
EVT00007-A-1710,EVT00007,A,17,10,232.42,available,
EVT00007-C-181,EVT00007,C,18,1,232.42,booked,USR00171
EVT00007-B-182,EVT00007,B,18,2,232.42,booked,USR00161
EVT00007-C-183,EVT00007,C,18,3,232.42,available,
EVT00007-B-184,EVT00007,B,18,4,232.42,available,
EVT00007-A-185,EVT00007,A,18,5,232.42,available,
EVT00007-A-186,EVT00007,A,18,6,232.42,booked,USR00020
EVT00007-B-187,EVT00007,B,18,7,232.42,available,
EVT00007-Floor-188,EVT00007,Floor,18,8,348.63,available,
EVT00007-A-189,EVT00007,A,18,9,232.42,booked,USR00088
EVT00007-A-1810,EVT00007,A,18,10,232.42,available,
EVT00007-VIP-191,EVT00007,VIP,19,1,464.84,available,
EVT00007-VIP-192,EVT00007,VIP,19,2,464.84,booked,USR00099
EVT00007-A-193,EVT00007,A,19,3,232.42,available,
EVT00007-A-194,EVT00007,A,19,4,232.42,booked,USR00095
EVT00007-C-195,EVT00007,C,19,5,232.42,booked,USR00199
EVT00007-B-196,EVT00007,B,19,6,232.42,available,
EVT00007-B-197,EVT00007,B,19,7,232.42,booked,USR00145
EVT00007-A-198,EVT00007,A,19,8,232.42,available,
EVT00007-B-199,EVT00007,B,19,9,232.42,available,
EVT00007-B-1910,EVT00007,B,19,10,232.42,available,
EVT00007-B-201,EVT00007,B,20,1,232.42,available,
EVT00007-Floor-202,EVT00007,Floor,20,2,348.63,available,
EVT00007-B-203,EVT00007,B,20,3,232.42,booked,USR00026
EVT00007-B-204,EVT00007,B,20,4,232.42,available,
EVT00007-Floor-205,EVT00007,Floor,20,5,348.63,available,
EVT00007-C-206,EVT00007,C,20,6,232.42,available,
EVT00007-C-207,EVT00007,C,20,7,232.42,available,
EVT00007-B-208,EVT00007,B,20,8,232.42,booked,USR00022
EVT00007-B-209,EVT00007,B,20,9,232.42,available,
EVT00007-Floor-2010,EVT00007,Floor,20,10,348.63,available,
EVT00008-C-11,EVT00008,C,1,1,88.64,available,
EVT00008-A-12,EVT00008,A,1,2,88.64,available,
EVT00008-C-13,EVT00008,C,1,3,88.64,booked,USR00156
EVT00008-Floor-14,EVT00008,Floor,1,4,132.96,booked,USR00101
EVT00008-C-15,EVT00008,C,1,5,88.64,available,
EVT00008-B-16,EVT00008,B,1,6,88.64,available,
EVT00008-A-17,EVT00008,A,1,7,88.64,booked,USR00164
EVT00008-Floor-18,EVT00008,Floor,1,8,132.96,booked,USR00004
EVT00008-C-19,EVT00008,C,1,9,88.64,available,
EVT00008-B-110,EVT00008,B,1,10,88.64,available,
EVT00008-Floor-21,EVT00008,Floor,2,1,132.96,available,
EVT00008-Floor-22,EVT00008,Floor,2,2,132.96,available,
EVT00008-VIP-23,EVT00008,VIP,2,3,177.28,available,
EVT00008-A-24,EVT00008,A,2,4,88.64,booked,USR00018
EVT00008-A-25,EVT00008,A,2,5,88.64,booked,USR00011
EVT00008-A-26,EVT00008,A,2,6,88.64,available,
EVT00008-VIP-27,EVT00008,VIP,2,7,177.28,available,
EVT00008-Floor-28,EVT00008,Floor,2,8,132.96,available,
EVT00008-VIP-29,EVT00008,VIP,2,9,177.28,available,
EVT00008-A-210,EVT00008,A,2,10,88.64,available,
EVT00008-Floor-31,EVT00008,Floor,3,1,132.96,available,
EVT00008-C-32,EVT00008,C,3,2,88.64,booked,USR00021
EVT00008-Floor-33,EVT00008,Floor,3,3,132.96,available,
EVT00008-B-34,EVT00008,B,3,4,88.64,available,
EVT00008-VIP-35,EVT00008,VIP,3,5,177.28,available,
EVT00008-A-36,EVT00008,A,3,6,88.64,booked,USR00112
EVT00008-B-37,EVT00008,B,3,7,88.64,booked,USR00023
EVT00008-VIP-38,EVT00008,VIP,3,8,177.28,booked,USR00157
EVT00008-Floor-39,EVT00008,Floor,3,9,132.96,booked,USR00171
EVT00008-B-310,EVT00008,B,3,10,88.64,booked,USR00182
EVT00008-B-41,EVT00008,B,4,1,88.64,available,
EVT00008-B-42,EVT00008,B,4,2,88.64,available,
EVT00008-C-43,EVT00008,C,4,3,88.64,available,
EVT00008-C-44,EVT00008,C,4,4,88.64,booked,USR00033
EVT00008-C-45,EVT00008,C,4,5,88.64,available,
EVT00008-A-46,EVT00008,A,4,6,88.64,available,
EVT00008-A-47,EVT00008,A,4,7,88.64,booked,USR00110
EVT00008-C-48,EVT00008,C,4,8,88.64,available,
EVT00008-C-49,EVT00008,C,4,9,88.64,available,
EVT00008-Floor-410,EVT00008,Floor,4,10,132.96,available,
EVT00008-VIP-51,EVT00008,VIP,5,1,177.28,available,
EVT00008-C-52,EVT00008,C,5,2,88.64,booked,USR00146
EVT00008-B-53,EVT00008,B,5,3,88.64,available,
EVT00008-C-54,EVT00008,C,5,4,88.64,available,
EVT00008-Floor-55,EVT00008,Floor,5,5,132.96,available,
EVT00008-A-56,EVT00008,A,5,6,88.64,booked,USR00131
EVT00008-A-57,EVT00008,A,5,7,88.64,booked,USR00004
EVT00008-B-58,EVT00008,B,5,8,88.64,booked,USR00094
EVT00008-VIP-59,EVT00008,VIP,5,9,177.28,available,
EVT00008-B-510,EVT00008,B,5,10,88.64,available,
EVT00008-A-61,EVT00008,A,6,1,88.64,available,
EVT00008-VIP-62,EVT00008,VIP,6,2,177.28,booked,USR00064
EVT00008-VIP-63,EVT00008,VIP,6,3,177.28,available,
EVT00008-C-64,EVT00008,C,6,4,88.64,booked,USR00020
EVT00008-Floor-65,EVT00008,Floor,6,5,132.96,available,
EVT00008-Floor-66,EVT00008,Floor,6,6,132.96,available,
EVT00008-A-67,EVT00008,A,6,7,88.64,booked,USR00133
EVT00008-A-68,EVT00008,A,6,8,88.64,available,
EVT00008-A-69,EVT00008,A,6,9,88.64,available,
EVT00008-C-610,EVT00008,C,6,10,88.64,available,
EVT00008-C-71,EVT00008,C,7,1,88.64,booked,USR00142
EVT00008-VIP-72,EVT00008,VIP,7,2,177.28,booked,USR00052
EVT00008-C-73,EVT00008,C,7,3,88.64,available,
EVT00008-C-74,EVT00008,C,7,4,88.64,available,
EVT00008-B-75,EVT00008,B,7,5,88.64,available,
EVT00008-Floor-76,EVT00008,Floor,7,6,132.96,available,
EVT00008-B-77,EVT00008,B,7,7,88.64,available,
EVT00008-Floor-78,EVT00008,Floor,7,8,132.96,available,
EVT00008-B-79,EVT00008,B,7,9,88.64,booked,USR00105
EVT00008-A-710,EVT00008,A,7,10,88.64,booked,USR00089
EVT00008-A-81,EVT00008,A,8,1,88.64,available,
EVT00008-A-82,EVT00008,A,8,2,88.64,available,
EVT00008-VIP-83,EVT00008,VIP,8,3,177.28,available,
EVT00008-C-84,EVT00008,C,8,4,88.64,booked,USR00136
EVT00008-B-85,EVT00008,B,8,5,88.64,available,
EVT00008-A-86,EVT00008,A,8,6,88.64,available,
EVT00008-B-87,EVT00008,B,8,7,88.64,available,
EVT00008-A-88,EVT00008,A,8,8,88.64,booked,USR00060
EVT00008-Floor-89,EVT00008,Floor,8,9,132.96,available,
EVT00008-C-810,EVT00008,C,8,10,88.64,available,
EVT00008-A-91,EVT00008,A,9,1,88.64,available,
EVT00008-Floor-92,EVT00008,Floor,9,2,132.96,booked,USR00101
EVT00008-A-93,EVT00008,A,9,3,88.64,available,
EVT00008-A-94,EVT00008,A,9,4,88.64,available,
EVT00008-B-95,EVT00008,B,9,5,88.64,booked,USR00067
EVT00008-C-96,EVT00008,C,9,6,88.64,available,
EVT00008-VIP-97,EVT00008,VIP,9,7,177.28,available,
EVT00008-C-98,EVT00008,C,9,8,88.64,booked,USR00070
EVT00008-B-99,EVT00008,B,9,9,88.64,booked,USR00052
EVT00008-B-910,EVT00008,B,9,10,88.64,available,
EVT00008-Floor-101,EVT00008,Floor,10,1,132.96,booked,USR00028
EVT00008-B-102,EVT00008,B,10,2,88.64,available,
EVT00008-C-103,EVT00008,C,10,3,88.64,available,
EVT00008-Floor-104,EVT00008,Floor,10,4,132.96,available,
EVT00008-B-105,EVT00008,B,10,5,88.64,available,
EVT00008-VIP-106,EVT00008,VIP,10,6,177.28,booked,USR00031
EVT00008-A-107,EVT00008,A,10,7,88.64,booked,USR00176
EVT00008-C-108,EVT00008,C,10,8,88.64,available,
EVT00008-Floor-109,EVT00008,Floor,10,9,132.96,booked,USR00084
EVT00008-B-1010,EVT00008,B,10,10,88.64,booked,USR00064
EVT00009-C-11,EVT00009,C,1,1,102.65,available,
EVT00009-A-12,EVT00009,A,1,2,102.65,available,
EVT00009-C-13,EVT00009,C,1,3,102.65,available,
EVT00009-B-14,EVT00009,B,1,4,102.65,booked,USR00104
EVT00009-VIP-15,EVT00009,VIP,1,5,205.3,available,
EVT00009-Floor-16,EVT00009,Floor,1,6,153.98,booked,USR00119
EVT00009-A-17,EVT00009,A,1,7,102.65,available,
EVT00009-B-18,EVT00009,B,1,8,102.65,booked,USR00016
EVT00009-B-19,EVT00009,B,1,9,102.65,booked,USR00103
EVT00009-C-110,EVT00009,C,1,10,102.65,available,
EVT00009-A-21,EVT00009,A,2,1,102.65,available,
EVT00009-C-22,EVT00009,C,2,2,102.65,available,
EVT00009-A-23,EVT00009,A,2,3,102.65,booked,USR00017
EVT00009-B-24,EVT00009,B,2,4,102.65,available,
EVT00009-VIP-25,EVT00009,VIP,2,5,205.3,available,
EVT00009-A-26,EVT00009,A,2,6,102.65,available,
EVT00009-C-27,EVT00009,C,2,7,102.65,booked,USR00119
EVT00009-A-28,EVT00009,A,2,8,102.65,booked,USR00147
EVT00009-VIP-29,EVT00009,VIP,2,9,205.3,available,
EVT00009-VIP-210,EVT00009,VIP,2,10,205.3,available,
EVT00009-VIP-31,EVT00009,VIP,3,1,205.3,available,
EVT00009-B-32,EVT00009,B,3,2,102.65,available,
EVT00009-B-33,EVT00009,B,3,3,102.65,booked,USR00115
EVT00009-B-34,EVT00009,B,3,4,102.65,booked,USR00159
EVT00009-Floor-35,EVT00009,Floor,3,5,153.98,booked,USR00076
EVT00009-VIP-36,EVT00009,VIP,3,6,205.3,available,
EVT00009-Floor-37,EVT00009,Floor,3,7,153.98,available,
EVT00009-A-38,EVT00009,A,3,8,102.65,booked,USR00036
EVT00009-VIP-39,EVT00009,VIP,3,9,205.3,booked,USR00135
EVT00009-B-310,EVT00009,B,3,10,102.65,available,
EVT00009-Floor-41,EVT00009,Floor,4,1,153.98,available,
EVT00009-VIP-42,EVT00009,VIP,4,2,205.3,available,
EVT00009-C-43,EVT00009,C,4,3,102.65,available,
EVT00009-VIP-44,EVT00009,VIP,4,4,205.3,booked,USR00145
EVT00009-Floor-45,EVT00009,Floor,4,5,153.98,booked,USR00070
EVT00009-B-46,EVT00009,B,4,6,102.65,booked,USR00153
EVT00009-B-47,EVT00009,B,4,7,102.65,booked,USR00200
EVT00009-C-48,EVT00009,C,4,8,102.65,booked,USR00121
EVT00009-Floor-49,EVT00009,Floor,4,9,153.98,available,
EVT00009-Floor-410,EVT00009,Floor,4,10,153.98,available,
EVT00009-B-51,EVT00009,B,5,1,102.65,booked,USR00169
EVT00009-B-52,EVT00009,B,5,2,102.65,booked,USR00189
EVT00009-A-53,EVT00009,A,5,3,102.65,available,
EVT00009-B-54,EVT00009,B,5,4,102.65,available,
EVT00009-VIP-55,EVT00009,VIP,5,5,205.3,available,
EVT00009-B-56,EVT00009,B,5,6,102.65,booked,USR00152
EVT00009-C-57,EVT00009,C,5,7,102.65,available,
EVT00009-C-58,EVT00009,C,5,8,102.65,available,
EVT00009-A-59,EVT00009,A,5,9,102.65,available,
EVT00009-C-510,EVT00009,C,5,10,102.65,available,
EVT00009-Floor-61,EVT00009,Floor,6,1,153.98,booked,USR00049
EVT00009-VIP-62,EVT00009,VIP,6,2,205.3,available,
EVT00009-B-63,EVT00009,B,6,3,102.65,available,
EVT00009-A-64,EVT00009,A,6,4,102.65,booked,USR00155
EVT00009-B-65,EVT00009,B,6,5,102.65,booked,USR00123
EVT00009-A-66,EVT00009,A,6,6,102.65,booked,USR00158
EVT00009-B-67,EVT00009,B,6,7,102.65,available,
EVT00009-C-68,EVT00009,C,6,8,102.65,available,
EVT00009-C-69,EVT00009,C,6,9,102.65,booked,USR00038
EVT00009-Floor-610,EVT00009,Floor,6,10,153.98,available,
EVT00009-B-71,EVT00009,B,7,1,102.65,available,
EVT00009-Floor-72,EVT00009,Floor,7,2,153.98,available,
EVT00009-A-73,EVT00009,A,7,3,102.65,available,
EVT00009-VIP-74,EVT00009,VIP,7,4,205.3,available,
EVT00009-C-75,EVT00009,C,7,5,102.65,booked,USR00035
EVT00009-B-76,EVT00009,B,7,6,102.65,available,
EVT00009-VIP-77,EVT00009,VIP,7,7,205.3,available,
EVT00009-VIP-78,EVT00009,VIP,7,8,205.3,available,
EVT00009-B-79,EVT00009,B,7,9,102.65,available,
EVT00009-Floor-710,EVT00009,Floor,7,10,153.98,available,
EVT00009-Floor-81,EVT00009,Floor,8,1,153.98,available,
EVT00009-B-82,EVT00009,B,8,2,102.65,available,
EVT00009-B-83,EVT00009,B,8,3,102.65,available,
EVT00009-C-84,EVT00009,C,8,4,102.65,booked,USR00187
EVT00009-A-85,EVT00009,A,8,5,102.65,available,
EVT00009-Floor-86,EVT00009,Floor,8,6,153.98,available,
EVT00009-Floor-87,EVT00009,Floor,8,7,153.98,booked,USR00155
EVT00009-C-88,EVT00009,C,8,8,102.65,available,
EVT00009-Floor-89,EVT00009,Floor,8,9,153.98,booked,USR00145
EVT00009-A-810,EVT00009,A,8,10,102.65,available,
EVT00009-B-91,EVT00009,B,9,1,102.65,booked,USR00020
EVT00009-B-92,EVT00009,B,9,2,102.65,booked,USR00082
EVT00009-B-93,EVT00009,B,9,3,102.65,available,
EVT00009-A-94,EVT00009,A,9,4,102.65,available,
EVT00009-C-95,EVT00009,C,9,5,102.65,available,
EVT00009-C-96,EVT00009,C,9,6,102.65,booked,USR00178
EVT00009-A-97,EVT00009,A,9,7,102.65,available,
EVT00009-A-98,EVT00009,A,9,8,102.65,available,
EVT00009-A-99,EVT00009,A,9,9,102.65,available,
EVT00009-VIP-910,EVT00009,VIP,9,10,205.3,available,
EVT00009-VIP-101,EVT00009,VIP,10,1,205.3,available,
EVT00009-VIP-102,EVT00009,VIP,10,2,205.3,available,
EVT00009-VIP-103,EVT00009,VIP,10,3,205.3,booked,USR00123
EVT00009-Floor-104,EVT00009,Floor,10,4,153.98,available,
EVT00009-B-105,EVT00009,B,10,5,102.65,booked,USR00019
EVT00009-A-106,EVT00009,A,10,6,102.65,booked,USR00082
EVT00009-C-107,EVT00009,C,10,7,102.65,available,
EVT00009-A-108,EVT00009,A,10,8,102.65,booked,USR00097
EVT00009-B-109,EVT00009,B,10,9,102.65,available,
EVT00009-Floor-1010,EVT00009,Floor,10,10,153.98,available,
EVT00009-A-111,EVT00009,A,11,1,102.65,booked,USR00158
EVT00009-VIP-112,EVT00009,VIP,11,2,205.3,available,
EVT00009-VIP-113,EVT00009,VIP,11,3,205.3,available,
EVT00009-B-114,EVT00009,B,11,4,102.65,available,
EVT00009-VIP-115,EVT00009,VIP,11,5,205.3,booked,USR00026
EVT00009-C-116,EVT00009,C,11,6,102.65,booked,USR00049
EVT00009-VIP-117,EVT00009,VIP,11,7,205.3,available,
EVT00009-Floor-118,EVT00009,Floor,11,8,153.98,booked,USR00073
EVT00009-C-119,EVT00009,C,11,9,102.65,booked,USR00013
EVT00009-VIP-1110,EVT00009,VIP,11,10,205.3,available,
EVT00009-VIP-121,EVT00009,VIP,12,1,205.3,booked,USR00093
EVT00009-A-122,EVT00009,A,12,2,102.65,available,
EVT00009-C-123,EVT00009,C,12,3,102.65,available,
EVT00009-Floor-124,EVT00009,Floor,12,4,153.98,available,
EVT00009-A-125,EVT00009,A,12,5,102.65,booked,USR00044
EVT00009-C-126,EVT00009,C,12,6,102.65,available,
EVT00009-VIP-127,EVT00009,VIP,12,7,205.3,available,
EVT00009-C-128,EVT00009,C,12,8,102.65,available,
EVT00009-VIP-129,EVT00009,VIP,12,9,205.3,available,
EVT00009-C-1210,EVT00009,C,12,10,102.65,booked,USR00140
EVT00009-VIP-131,EVT00009,VIP,13,1,205.3,booked,USR00098
EVT00009-C-132,EVT00009,C,13,2,102.65,booked,USR00012
EVT00009-C-133,EVT00009,C,13,3,102.65,available,
EVT00009-C-134,EVT00009,C,13,4,102.65,booked,USR00069
EVT00009-Floor-135,EVT00009,Floor,13,5,153.98,booked,USR00193
EVT00009-A-136,EVT00009,A,13,6,102.65,booked,USR00089
EVT00009-Floor-137,EVT00009,Floor,13,7,153.98,available,
EVT00009-Floor-138,EVT00009,Floor,13,8,153.98,booked,USR00016
EVT00009-VIP-139,EVT00009,VIP,13,9,205.3,available,
EVT00009-VIP-1310,EVT00009,VIP,13,10,205.3,available,
EVT00009-VIP-141,EVT00009,VIP,14,1,205.3,available,
EVT00009-B-142,EVT00009,B,14,2,102.65,available,
EVT00009-A-143,EVT00009,A,14,3,102.65,available,
EVT00009-A-144,EVT00009,A,14,4,102.65,available,
EVT00009-Floor-145,EVT00009,Floor,14,5,153.98,available,
EVT00009-Floor-146,EVT00009,Floor,14,6,153.98,booked,USR00194
EVT00009-VIP-147,EVT00009,VIP,14,7,205.3,booked,USR00043
EVT00009-B-148,EVT00009,B,14,8,102.65,available,
EVT00009-B-149,EVT00009,B,14,9,102.65,booked,USR00021
EVT00009-VIP-1410,EVT00009,VIP,14,10,205.3,booked,USR00161
EVT00009-B-151,EVT00009,B,15,1,102.65,available,
EVT00009-C-152,EVT00009,C,15,2,102.65,booked,USR00187
EVT00009-A-153,EVT00009,A,15,3,102.65,booked,USR00143
EVT00009-VIP-154,EVT00009,VIP,15,4,205.3,available,
EVT00009-C-155,EVT00009,C,15,5,102.65,available,
EVT00009-A-156,EVT00009,A,15,6,102.65,available,
EVT00009-Floor-157,EVT00009,Floor,15,7,153.98,available,
EVT00009-VIP-158,EVT00009,VIP,15,8,205.3,booked,USR00039
EVT00009-B-159,EVT00009,B,15,9,102.65,available,
EVT00009-Floor-1510,EVT00009,Floor,15,10,153.98,available,
EVT00010-A-11,EVT00010,A,1,1,77.55,available,
EVT00010-Floor-12,EVT00010,Floor,1,2,116.32,available,
EVT00010-C-13,EVT00010,C,1,3,77.55,available,
EVT00010-C-14,EVT00010,C,1,4,77.55,available,
EVT00010-C-15,EVT00010,C,1,5,77.55,available,
EVT00010-VIP-16,EVT00010,VIP,1,6,155.1,available,
EVT00010-VIP-17,EVT00010,VIP,1,7,155.1,booked,USR00071
EVT00010-VIP-18,EVT00010,VIP,1,8,155.1,booked,USR00156
EVT00010-VIP-19,EVT00010,VIP,1,9,155.1,booked,USR00085
EVT00010-B-110,EVT00010,B,1,10,77.55,booked,USR00122
EVT00010-C-21,EVT00010,C,2,1,77.55,available,
EVT00010-A-22,EVT00010,A,2,2,77.55,booked,USR00078
EVT00010-C-23,EVT00010,C,2,3,77.55,booked,USR00126
EVT00010-A-24,EVT00010,A,2,4,77.55,available,
EVT00010-B-25,EVT00010,B,2,5,77.55,booked,USR00191
EVT00010-VIP-26,EVT00010,VIP,2,6,155.1,available,
EVT00010-C-27,EVT00010,C,2,7,77.55,booked,USR00107
EVT00010-Floor-28,EVT00010,Floor,2,8,116.32,available,
EVT00010-B-29,EVT00010,B,2,9,77.55,available,
EVT00010-VIP-210,EVT00010,VIP,2,10,155.1,available,
EVT00010-Floor-31,EVT00010,Floor,3,1,116.32,available,
EVT00010-A-32,EVT00010,A,3,2,77.55,available,
EVT00010-B-33,EVT00010,B,3,3,77.55,booked,USR00182
EVT00010-Floor-34,EVT00010,Floor,3,4,116.32,available,
EVT00010-Floor-35,EVT00010,Floor,3,5,116.32,available,
EVT00010-A-36,EVT00010,A,3,6,77.55,booked,USR00052
EVT00010-A-37,EVT00010,A,3,7,77.55,booked,USR00117
EVT00010-A-38,EVT00010,A,3,8,77.55,available,
EVT00010-B-39,EVT00010,B,3,9,77.55,booked,USR00119
EVT00010-Floor-310,EVT00010,Floor,3,10,116.32,available,
EVT00010-A-41,EVT00010,A,4,1,77.55,available,
EVT00010-B-42,EVT00010,B,4,2,77.55,available,
EVT00010-Floor-43,EVT00010,Floor,4,3,116.32,available,
EVT00010-VIP-44,EVT00010,VIP,4,4,155.1,available,
EVT00010-C-45,EVT00010,C,4,5,77.55,booked,USR00067
EVT00010-A-46,EVT00010,A,4,6,77.55,booked,USR00099
EVT00010-A-47,EVT00010,A,4,7,77.55,booked,USR00147
EVT00010-B-48,EVT00010,B,4,8,77.55,available,
EVT00010-B-49,EVT00010,B,4,9,77.55,available,
EVT00010-C-410,EVT00010,C,4,10,77.55,available,
EVT00010-Floor-51,EVT00010,Floor,5,1,116.32,booked,USR00200
EVT00010-A-52,EVT00010,A,5,2,77.55,available,
EVT00010-B-53,EVT00010,B,5,3,77.55,available,
EVT00010-Floor-54,EVT00010,Floor,5,4,116.32,available,
EVT00010-B-55,EVT00010,B,5,5,77.55,booked,USR00079
EVT00010-C-56,EVT00010,C,5,6,77.55,available,
EVT00010-VIP-57,EVT00010,VIP,5,7,155.1,available,
EVT00010-VIP-58,EVT00010,VIP,5,8,155.1,booked,USR00120
EVT00010-C-59,EVT00010,C,5,9,77.55,available,
EVT00010-Floor-510,EVT00010,Floor,5,10,116.32,available,
EVT00010-A-61,EVT00010,A,6,1,77.55,booked,USR00170
EVT00010-C-62,EVT00010,C,6,2,77.55,available,
EVT00010-Floor-63,EVT00010,Floor,6,3,116.32,available,
EVT00010-C-64,EVT00010,C,6,4,77.55,available,
EVT00010-VIP-65,EVT00010,VIP,6,5,155.1,booked,USR00071
EVT00010-C-66,EVT00010,C,6,6,77.55,available,
EVT00010-C-67,EVT00010,C,6,7,77.55,available,
EVT00010-C-68,EVT00010,C,6,8,77.55,booked,USR00133
EVT00010-B-69,EVT00010,B,6,9,77.55,available,
EVT00010-Floor-610,EVT00010,Floor,6,10,116.32,available,
EVT00010-C-71,EVT00010,C,7,1,77.55,available,
EVT00010-A-72,EVT00010,A,7,2,77.55,available,
EVT00010-C-73,EVT00010,C,7,3,77.55,booked,USR00108
EVT00010-VIP-74,EVT00010,VIP,7,4,155.1,available,
EVT00010-A-75,EVT00010,A,7,5,77.55,available,
EVT00010-Floor-76,EVT00010,Floor,7,6,116.32,available,
EVT00010-C-77,EVT00010,C,7,7,77.55,available,
EVT00010-B-78,EVT00010,B,7,8,77.55,available,
EVT00010-VIP-79,EVT00010,VIP,7,9,155.1,available,
EVT00010-C-710,EVT00010,C,7,10,77.55,available,
EVT00010-B-81,EVT00010,B,8,1,77.55,available,
EVT00010-Floor-82,EVT00010,Floor,8,2,116.32,booked,USR00025
EVT00010-VIP-83,EVT00010,VIP,8,3,155.1,booked,USR00067
EVT00010-Floor-84,EVT00010,Floor,8,4,116.32,available,
EVT00010-B-85,EVT00010,B,8,5,77.55,available,
EVT00010-C-86,EVT00010,C,8,6,77.55,available,
EVT00010-B-87,EVT00010,B,8,7,77.55,available,
EVT00010-C-88,EVT00010,C,8,8,77.55,available,
EVT00010-C-89,EVT00010,C,8,9,77.55,available,
EVT00010-Floor-810,EVT00010,Floor,8,10,116.32,booked,USR00031
EVT00010-VIP-91,EVT00010,VIP,9,1,155.1,booked,USR00163
EVT00010-Floor-92,EVT00010,Floor,9,2,116.32,available,
EVT00010-Floor-93,EVT00010,Floor,9,3,116.32,booked,USR00050
EVT00010-Floor-94,EVT00010,Floor,9,4,116.32,booked,USR00175
EVT00010-VIP-95,EVT00010,VIP,9,5,155.1,available,
EVT00010-VIP-96,EVT00010,VIP,9,6,155.1,booked,USR00039
EVT00010-B-97,EVT00010,B,9,7,77.55,available,
EVT00010-C-98,EVT00010,C,9,8,77.55,available,
EVT00010-Floor-99,EVT00010,Floor,9,9,116.32,available,
EVT00010-VIP-910,EVT00010,VIP,9,10,155.1,booked,USR00184
EVT00010-B-101,EVT00010,B,10,1,77.55,available,
EVT00010-VIP-102,EVT00010,VIP,10,2,155.1,booked,USR00046
EVT00010-C-103,EVT00010,C,10,3,77.55,available,
EVT00010-A-104,EVT00010,A,10,4,77.55,available,
EVT00010-B-105,EVT00010,B,10,5,77.55,available,
EVT00010-B-106,EVT00010,B,10,6,77.55,available,
EVT00010-B-107,EVT00010,B,10,7,77.55,available,
EVT00010-A-108,EVT00010,A,10,8,77.55,booked,USR00112
EVT00010-VIP-109,EVT00010,VIP,10,9,155.1,available,
EVT00010-VIP-1010,EVT00010,VIP,10,10,155.1,available,
EVT00010-A-111,EVT00010,A,11,1,77.55,available,
EVT00010-C-112,EVT00010,C,11,2,77.55,available,
EVT00010-C-113,EVT00010,C,11,3,77.55,available,
EVT00010-Floor-114,EVT00010,Floor,11,4,116.32,booked,USR00174
EVT00010-A-115,EVT00010,A,11,5,77.55,available,
EVT00010-B-116,EVT00010,B,11,6,77.55,booked,USR00089
EVT00010-C-117,EVT00010,C,11,7,77.55,booked,USR00099
EVT00010-Floor-118,EVT00010,Floor,11,8,116.32,available,
EVT00010-B-119,EVT00010,B,11,9,77.55,booked,USR00012
EVT00010-C-1110,EVT00010,C,11,10,77.55,available,
EVT00010-VIP-121,EVT00010,VIP,12,1,155.1,available,
EVT00010-Floor-122,EVT00010,Floor,12,2,116.32,available,
EVT00010-VIP-123,EVT00010,VIP,12,3,155.1,available,
EVT00010-B-124,EVT00010,B,12,4,77.55,booked,USR00126
EVT00010-C-125,EVT00010,C,12,5,77.55,available,
EVT00010-B-126,EVT00010,B,12,6,77.55,available,
EVT00010-VIP-127,EVT00010,VIP,12,7,155.1,booked,USR00058
EVT00010-B-128,EVT00010,B,12,8,77.55,booked,USR00006
EVT00010-Floor-129,EVT00010,Floor,12,9,116.32,available,
EVT00010-A-1210,EVT00010,A,12,10,77.55,available,
EVT00010-A-131,EVT00010,A,13,1,77.55,available,
EVT00010-C-132,EVT00010,C,13,2,77.55,available,
EVT00010-Floor-133,EVT00010,Floor,13,3,116.32,booked,USR00013
EVT00010-A-134,EVT00010,A,13,4,77.55,available,
EVT00010-A-135,EVT00010,A,13,5,77.55,booked,USR00030
EVT00010-VIP-136,EVT00010,VIP,13,6,155.1,available,
EVT00010-A-137,EVT00010,A,13,7,77.55,available,
EVT00010-VIP-138,EVT00010,VIP,13,8,155.1,available,
EVT00010-B-139,EVT00010,B,13,9,77.55,available,
EVT00010-A-1310,EVT00010,A,13,10,77.55,booked,USR00170
EVT00010-A-141,EVT00010,A,14,1,77.55,available,
EVT00010-C-142,EVT00010,C,14,2,77.55,available,
EVT00010-B-143,EVT00010,B,14,3,77.55,available,
EVT00010-A-144,EVT00010,A,14,4,77.55,available,
EVT00010-Floor-145,EVT00010,Floor,14,5,116.32,booked,USR00030
EVT00010-A-146,EVT00010,A,14,6,77.55,available,
EVT00010-Floor-147,EVT00010,Floor,14,7,116.32,booked,USR00068
EVT00010-Floor-148,EVT00010,Floor,14,8,116.32,available,
EVT00010-C-149,EVT00010,C,14,9,77.55,available,
EVT00010-C-1410,EVT00010,C,14,10,77.55,booked,USR00141
EVT00010-VIP-151,EVT00010,VIP,15,1,155.1,available,
EVT00010-VIP-152,EVT00010,VIP,15,2,155.1,booked,USR00001
EVT00010-A-153,EVT00010,A,15,3,77.55,available,
EVT00010-A-154,EVT00010,A,15,4,77.55,available,
EVT00010-VIP-155,EVT00010,VIP,15,5,155.1,booked,USR00024
EVT00010-Floor-156,EVT00010,Floor,15,6,116.32,booked,USR00186
EVT00010-A-157,EVT00010,A,15,7,77.55,available,
EVT00010-B-158,EVT00010,B,15,8,77.55,available,
EVT00010-C-159,EVT00010,C,15,9,77.55,booked,USR00013
EVT00010-A-1510,EVT00010,A,15,10,77.55,available,
EVT00010-A-161,EVT00010,A,16,1,77.55,available,
EVT00010-C-162,EVT00010,C,16,2,77.55,available,
EVT00010-C-163,EVT00010,C,16,3,77.55,available,
EVT00010-A-164,EVT00010,A,16,4,77.55,booked,USR00195
EVT00010-A-165,EVT00010,A,16,5,77.55,booked,USR00036
EVT00010-B-166,EVT00010,B,16,6,77.55,booked,USR00113
EVT00010-Floor-167,EVT00010,Floor,16,7,116.32,booked,USR00188
EVT00010-A-168,EVT00010,A,16,8,77.55,available,
EVT00010-C-169,EVT00010,C,16,9,77.55,booked,USR00103
EVT00010-VIP-1610,EVT00010,VIP,16,10,155.1,available,
EVT00010-C-171,EVT00010,C,17,1,77.55,available,
EVT00010-VIP-172,EVT00010,VIP,17,2,155.1,available,
EVT00010-B-173,EVT00010,B,17,3,77.55,booked,USR00179
EVT00010-A-174,EVT00010,A,17,4,77.55,available,
EVT00010-B-175,EVT00010,B,17,5,77.55,booked,USR00152
EVT00010-VIP-176,EVT00010,VIP,17,6,155.1,available,
EVT00010-VIP-177,EVT00010,VIP,17,7,155.1,booked,USR00098
EVT00010-C-178,EVT00010,C,17,8,77.55,available,
EVT00010-B-179,EVT00010,B,17,9,77.55,available,
EVT00010-VIP-1710,EVT00010,VIP,17,10,155.1,booked,USR00106
EVT00010-VIP-181,EVT00010,VIP,18,1,155.1,booked,USR00067
EVT00010-C-182,EVT00010,C,18,2,77.55,booked,USR00174
EVT00010-Floor-183,EVT00010,Floor,18,3,116.32,available,
EVT00010-Floor-184,EVT00010,Floor,18,4,116.32,available,
EVT00010-B-185,EVT00010,B,18,5,77.55,available,
EVT00010-C-186,EVT00010,C,18,6,77.55,available,
EVT00010-Floor-187,EVT00010,Floor,18,7,116.32,booked,USR00170
EVT00010-B-188,EVT00010,B,18,8,77.55,available,
EVT00010-VIP-189,EVT00010,VIP,18,9,155.1,booked,USR00143
EVT00010-Floor-1810,EVT00010,Floor,18,10,116.32,booked,USR00165
EVT00010-B-191,EVT00010,B,19,1,77.55,available,
EVT00010-VIP-192,EVT00010,VIP,19,2,155.1,available,
EVT00010-B-193,EVT00010,B,19,3,77.55,booked,USR00126
EVT00010-C-194,EVT00010,C,19,4,77.55,booked,USR00072
EVT00010-A-195,EVT00010,A,19,5,77.55,available,
EVT00010-Floor-196,EVT00010,Floor,19,6,116.32,available,
EVT00010-VIP-197,EVT00010,VIP,19,7,155.1,available,
EVT00010-A-198,EVT00010,A,19,8,77.55,available,
EVT00010-Floor-199,EVT00010,Floor,19,9,116.32,available,
EVT00010-VIP-1910,EVT00010,VIP,19,10,155.1,available,
EVT00010-A-201,EVT00010,A,20,1,77.55,available,
EVT00010-A-202,EVT00010,A,20,2,77.55,booked,USR00106
EVT00010-A-203,EVT00010,A,20,3,77.55,available,
EVT00010-A-204,EVT00010,A,20,4,77.55,available,
EVT00010-Floor-205,EVT00010,Floor,20,5,116.32,available,
EVT00010-C-206,EVT00010,C,20,6,77.55,available,
EVT00010-Floor-207,EVT00010,Floor,20,7,116.32,booked,USR00172
EVT00010-VIP-208,EVT00010,VIP,20,8,155.1,available,
EVT00010-C-209,EVT00010,C,20,9,77.55,available,
EVT00010-B-2010,EVT00010,B,20,10,77.55,available,
EVT00011-C-11,EVT00011,C,1,1,136.45,available,
EVT00011-Floor-12,EVT00011,Floor,1,2,204.67,available,
EVT00011-C-13,EVT00011,C,1,3,136.45,available,
EVT00011-A-14,EVT00011,A,1,4,136.45,booked,USR00169
EVT00011-B-15,EVT00011,B,1,5,136.45,booked,USR00091
EVT00011-C-16,EVT00011,C,1,6,136.45,available,
EVT00011-C-17,EVT00011,C,1,7,136.45,available,
EVT00011-A-18,EVT00011,A,1,8,136.45,available,
EVT00011-VIP-19,EVT00011,VIP,1,9,272.9,booked,USR00184
EVT00011-VIP-110,EVT00011,VIP,1,10,272.9,booked,USR00157
EVT00011-B-21,EVT00011,B,2,1,136.45,booked,USR00101
EVT00011-B-22,EVT00011,B,2,2,136.45,available,
EVT00011-B-23,EVT00011,B,2,3,136.45,available,
EVT00011-A-24,EVT00011,A,2,4,136.45,available,
EVT00011-A-25,EVT00011,A,2,5,136.45,available,
EVT00011-Floor-26,EVT00011,Floor,2,6,204.67,booked,USR00116
EVT00011-VIP-27,EVT00011,VIP,2,7,272.9,available,
EVT00011-Floor-28,EVT00011,Floor,2,8,204.67,booked,USR00128
EVT00011-A-29,EVT00011,A,2,9,136.45,available,
EVT00011-A-210,EVT00011,A,2,10,136.45,available,
EVT00011-VIP-31,EVT00011,VIP,3,1,272.9,available,
EVT00011-VIP-32,EVT00011,VIP,3,2,272.9,available,
EVT00011-B-33,EVT00011,B,3,3,136.45,available,
EVT00011-B-34,EVT00011,B,3,4,136.45,available,
EVT00011-B-35,EVT00011,B,3,5,136.45,booked,USR00169
EVT00011-Floor-36,EVT00011,Floor,3,6,204.67,available,
EVT00011-C-37,EVT00011,C,3,7,136.45,available,
EVT00011-VIP-38,EVT00011,VIP,3,8,272.9,available,
EVT00011-Floor-39,EVT00011,Floor,3,9,204.67,available,
EVT00011-B-310,EVT00011,B,3,10,136.45,booked,USR00088
EVT00011-C-41,EVT00011,C,4,1,136.45,available,
EVT00011-B-42,EVT00011,B,4,2,136.45,booked,USR00155
EVT00011-Floor-43,EVT00011,Floor,4,3,204.67,booked,USR00180
EVT00011-Floor-44,EVT00011,Floor,4,4,204.67,available,
EVT00011-Floor-45,EVT00011,Floor,4,5,204.67,available,
EVT00011-B-46,EVT00011,B,4,6,136.45,booked,USR00183
EVT00011-C-47,EVT00011,C,4,7,136.45,available,
EVT00011-B-48,EVT00011,B,4,8,136.45,available,
EVT00011-B-49,EVT00011,B,4,9,136.45,available,
EVT00011-C-410,EVT00011,C,4,10,136.45,available,
EVT00011-C-51,EVT00011,C,5,1,136.45,available,
EVT00011-Floor-52,EVT00011,Floor,5,2,204.67,available,
EVT00011-VIP-53,EVT00011,VIP,5,3,272.9,available,
EVT00011-Floor-54,EVT00011,Floor,5,4,204.67,booked,USR00109
EVT00011-A-55,EVT00011,A,5,5,136.45,available,
EVT00011-A-56,EVT00011,A,5,6,136.45,available,
EVT00011-A-57,EVT00011,A,5,7,136.45,available,
EVT00011-B-58,EVT00011,B,5,8,136.45,booked,USR00042
EVT00011-C-59,EVT00011,C,5,9,136.45,available,
EVT00011-B-510,EVT00011,B,5,10,136.45,available,
EVT00011-C-61,EVT00011,C,6,1,136.45,booked,USR00139
EVT00011-A-62,EVT00011,A,6,2,136.45,available,
EVT00011-VIP-63,EVT00011,VIP,6,3,272.9,booked,USR00173
EVT00011-Floor-64,EVT00011,Floor,6,4,204.67,available,
EVT00011-Floor-65,EVT00011,Floor,6,5,204.67,available,
EVT00011-Floor-66,EVT00011,Floor,6,6,204.67,available,
EVT00011-C-67,EVT00011,C,6,7,136.45,available,
EVT00011-A-68,EVT00011,A,6,8,136.45,available,
EVT00011-VIP-69,EVT00011,VIP,6,9,272.9,available,
EVT00011-C-610,EVT00011,C,6,10,136.45,available,
EVT00011-A-71,EVT00011,A,7,1,136.45,booked,USR00065
EVT00011-B-72,EVT00011,B,7,2,136.45,available,
EVT00011-VIP-73,EVT00011,VIP,7,3,272.9,available,
EVT00011-C-74,EVT00011,C,7,4,136.45,available,
EVT00011-Floor-75,EVT00011,Floor,7,5,204.67,available,
EVT00011-B-76,EVT00011,B,7,6,136.45,available,
EVT00011-B-77,EVT00011,B,7,7,136.45,booked,USR00046
EVT00011-A-78,EVT00011,A,7,8,136.45,booked,USR00045
EVT00011-Floor-79,EVT00011,Floor,7,9,204.67,booked,USR00011
EVT00011-VIP-710,EVT00011,VIP,7,10,272.9,booked,USR00068
EVT00011-B-81,EVT00011,B,8,1,136.45,booked,USR00066
EVT00011-A-82,EVT00011,A,8,2,136.45,booked,USR00182
EVT00011-B-83,EVT00011,B,8,3,136.45,booked,USR00083
EVT00011-Floor-84,EVT00011,Floor,8,4,204.67,booked,USR00161
EVT00011-Floor-85,EVT00011,Floor,8,5,204.67,available,
EVT00011-C-86,EVT00011,C,8,6,136.45,available,
EVT00011-Floor-87,EVT00011,Floor,8,7,204.67,available,
EVT00011-A-88,EVT00011,A,8,8,136.45,available,
EVT00011-C-89,EVT00011,C,8,9,136.45,available,
EVT00011-B-810,EVT00011,B,8,10,136.45,available,
EVT00011-Floor-91,EVT00011,Floor,9,1,204.67,booked,USR00140
EVT00011-Floor-92,EVT00011,Floor,9,2,204.67,available,
EVT00011-C-93,EVT00011,C,9,3,136.45,booked,USR00055
EVT00011-C-94,EVT00011,C,9,4,136.45,booked,USR00076
EVT00011-B-95,EVT00011,B,9,5,136.45,available,
EVT00011-Floor-96,EVT00011,Floor,9,6,204.67,available,
EVT00011-Floor-97,EVT00011,Floor,9,7,204.67,available,
EVT00011-A-98,EVT00011,A,9,8,136.45,booked,USR00089
EVT00011-VIP-99,EVT00011,VIP,9,9,272.9,booked,USR00165
EVT00011-Floor-910,EVT00011,Floor,9,10,204.67,available,
EVT00011-B-101,EVT00011,B,10,1,136.45,available,
EVT00011-C-102,EVT00011,C,10,2,136.45,available,
EVT00011-A-103,EVT00011,A,10,3,136.45,available,
EVT00011-Floor-104,EVT00011,Floor,10,4,204.67,available,
EVT00011-A-105,EVT00011,A,10,5,136.45,available,
EVT00011-C-106,EVT00011,C,10,6,136.45,available,
EVT00011-Floor-107,EVT00011,Floor,10,7,204.67,available,
EVT00011-A-108,EVT00011,A,10,8,136.45,booked,USR00167
EVT00011-B-109,EVT00011,B,10,9,136.45,booked,USR00022
EVT00011-A-1010,EVT00011,A,10,10,136.45,booked,USR00198
EVT00011-Floor-111,EVT00011,Floor,11,1,204.67,available,
EVT00011-A-112,EVT00011,A,11,2,136.45,booked,USR00162
EVT00011-B-113,EVT00011,B,11,3,136.45,available,
EVT00011-VIP-114,EVT00011,VIP,11,4,272.9,available,
EVT00011-B-115,EVT00011,B,11,5,136.45,available,
EVT00011-VIP-116,EVT00011,VIP,11,6,272.9,available,
EVT00011-A-117,EVT00011,A,11,7,136.45,available,
EVT00011-B-118,EVT00011,B,11,8,136.45,booked,USR00184
EVT00011-C-119,EVT00011,C,11,9,136.45,booked,USR00019
EVT00011-A-1110,EVT00011,A,11,10,136.45,booked,USR00065
EVT00011-Floor-121,EVT00011,Floor,12,1,204.67,booked,USR00059
EVT00011-C-122,EVT00011,C,12,2,136.45,available,
EVT00011-VIP-123,EVT00011,VIP,12,3,272.9,available,
EVT00011-VIP-124,EVT00011,VIP,12,4,272.9,booked,USR00100
EVT00011-A-125,EVT00011,A,12,5,136.45,available,
EVT00011-Floor-126,EVT00011,Floor,12,6,204.67,booked,USR00191
EVT00011-Floor-127,EVT00011,Floor,12,7,204.67,booked,USR00019
EVT00011-C-128,EVT00011,C,12,8,136.45,available,
EVT00011-A-129,EVT00011,A,12,9,136.45,booked,USR00176
EVT00011-C-1210,EVT00011,C,12,10,136.45,available,
EVT00011-C-131,EVT00011,C,13,1,136.45,available,
EVT00011-VIP-132,EVT00011,VIP,13,2,272.9,available,
EVT00011-A-133,EVT00011,A,13,3,136.45,available,
EVT00011-Floor-134,EVT00011,Floor,13,4,204.67,booked,USR00192
EVT00011-VIP-135,EVT00011,VIP,13,5,272.9,available,
EVT00011-Floor-136,EVT00011,Floor,13,6,204.67,booked,USR00163
EVT00011-B-137,EVT00011,B,13,7,136.45,booked,USR00187
EVT00011-C-138,EVT00011,C,13,8,136.45,available,
EVT00011-A-139,EVT00011,A,13,9,136.45,available,
EVT00011-Floor-1310,EVT00011,Floor,13,10,204.67,booked,USR00011
EVT00011-A-141,EVT00011,A,14,1,136.45,available,
EVT00011-VIP-142,EVT00011,VIP,14,2,272.9,available,
EVT00011-A-143,EVT00011,A,14,3,136.45,booked,USR00192
EVT00011-C-144,EVT00011,C,14,4,136.45,booked,USR00166
EVT00011-Floor-145,EVT00011,Floor,14,5,204.67,booked,USR00048
EVT00011-B-146,EVT00011,B,14,6,136.45,available,
EVT00011-C-147,EVT00011,C,14,7,136.45,booked,USR00047
EVT00011-Floor-148,EVT00011,Floor,14,8,204.67,available,
EVT00011-Floor-149,EVT00011,Floor,14,9,204.67,available,
EVT00011-Floor-1410,EVT00011,Floor,14,10,204.67,booked,USR00172
EVT00011-A-151,EVT00011,A,15,1,136.45,booked,USR00051
EVT00011-Floor-152,EVT00011,Floor,15,2,204.67,available,
EVT00011-C-153,EVT00011,C,15,3,136.45,available,
EVT00011-B-154,EVT00011,B,15,4,136.45,booked,USR00159
EVT00011-A-155,EVT00011,A,15,5,136.45,available,
EVT00011-C-156,EVT00011,C,15,6,136.45,available,
EVT00011-C-157,EVT00011,C,15,7,136.45,available,
EVT00011-C-158,EVT00011,C,15,8,136.45,available,
EVT00011-B-159,EVT00011,B,15,9,136.45,available,
EVT00011-C-1510,EVT00011,C,15,10,136.45,available,
EVT00011-VIP-161,EVT00011,VIP,16,1,272.9,booked,USR00081
EVT00011-B-162,EVT00011,B,16,2,136.45,available,
EVT00011-VIP-163,EVT00011,VIP,16,3,272.9,booked,USR00093
EVT00011-B-164,EVT00011,B,16,4,136.45,available,
EVT00011-C-165,EVT00011,C,16,5,136.45,available,
EVT00011-VIP-166,EVT00011,VIP,16,6,272.9,available,
EVT00011-C-167,EVT00011,C,16,7,136.45,available,
EVT00011-A-168,EVT00011,A,16,8,136.45,booked,USR00156
EVT00011-A-169,EVT00011,A,16,9,136.45,available,
EVT00011-B-1610,EVT00011,B,16,10,136.45,available,
EVT00011-B-171,EVT00011,B,17,1,136.45,booked,USR00161
EVT00011-A-172,EVT00011,A,17,2,136.45,available,
EVT00011-A-173,EVT00011,A,17,3,136.45,available,
EVT00011-A-174,EVT00011,A,17,4,136.45,available,
EVT00011-Floor-175,EVT00011,Floor,17,5,204.67,available,
EVT00011-Floor-176,EVT00011,Floor,17,6,204.67,booked,USR00010
EVT00011-Floor-177,EVT00011,Floor,17,7,204.67,booked,USR00139
EVT00011-VIP-178,EVT00011,VIP,17,8,272.9,available,
EVT00011-B-179,EVT00011,B,17,9,136.45,available,
EVT00011-B-1710,EVT00011,B,17,10,136.45,available,
EVT00011-Floor-181,EVT00011,Floor,18,1,204.67,available,
EVT00011-C-182,EVT00011,C,18,2,136.45,booked,USR00129
EVT00011-Floor-183,EVT00011,Floor,18,3,204.67,booked,USR00094
EVT00011-Floor-184,EVT00011,Floor,18,4,204.67,booked,USR00062
EVT00011-Floor-185,EVT00011,Floor,18,5,204.67,available,
EVT00011-Floor-186,EVT00011,Floor,18,6,204.67,booked,USR00041
EVT00011-B-187,EVT00011,B,18,7,136.45,available,
EVT00011-Floor-188,EVT00011,Floor,18,8,204.67,available,
EVT00011-B-189,EVT00011,B,18,9,136.45,available,
EVT00011-VIP-1810,EVT00011,VIP,18,10,272.9,available,
EVT00011-A-191,EVT00011,A,19,1,136.45,booked,USR00125
EVT00011-B-192,EVT00011,B,19,2,136.45,booked,USR00095
EVT00011-B-193,EVT00011,B,19,3,136.45,booked,USR00053
EVT00011-Floor-194,EVT00011,Floor,19,4,204.67,available,
EVT00011-C-195,EVT00011,C,19,5,136.45,available,
EVT00011-VIP-196,EVT00011,VIP,19,6,272.9,available,
EVT00011-A-197,EVT00011,A,19,7,136.45,available,
EVT00011-C-198,EVT00011,C,19,8,136.45,booked,USR00134
EVT00011-C-199,EVT00011,C,19,9,136.45,available,
EVT00011-C-1910,EVT00011,C,19,10,136.45,available,
EVT00011-Floor-201,EVT00011,Floor,20,1,204.67,booked,USR00168
EVT00011-VIP-202,EVT00011,VIP,20,2,272.9,available,
EVT00011-A-203,EVT00011,A,20,3,136.45,available,
EVT00011-VIP-204,EVT00011,VIP,20,4,272.9,available,
EVT00011-B-205,EVT00011,B,20,5,136.45,available,
EVT00011-C-206,EVT00011,C,20,6,136.45,available,
EVT00011-C-207,EVT00011,C,20,7,136.45,available,
EVT00011-VIP-208,EVT00011,VIP,20,8,272.9,available,
EVT00011-A-209,EVT00011,A,20,9,136.45,available,
EVT00011-B-2010,EVT00011,B,20,10,136.45,available,
EVT00012-B-11,EVT00012,B,1,1,143.34,booked,USR00165
EVT00012-C-12,EVT00012,C,1,2,143.34,booked,USR00048
EVT00012-B-13,EVT00012,B,1,3,143.34,available,
EVT00012-A-14,EVT00012,A,1,4,143.34,available,
EVT00012-VIP-15,EVT00012,VIP,1,5,286.68,available,
EVT00012-A-16,EVT00012,A,1,6,143.34,available,
EVT00012-VIP-17,EVT00012,VIP,1,7,286.68,available,
EVT00012-Floor-18,EVT00012,Floor,1,8,215.01,booked,USR00106
EVT00012-A-19,EVT00012,A,1,9,143.34,booked,USR00033
EVT00012-Floor-110,EVT00012,Floor,1,10,215.01,available,
EVT00012-B-21,EVT00012,B,2,1,143.34,available,
EVT00012-A-22,EVT00012,A,2,2,143.34,available,
EVT00012-B-23,EVT00012,B,2,3,143.34,booked,USR00067
EVT00012-B-24,EVT00012,B,2,4,143.34,available,
EVT00012-VIP-25,EVT00012,VIP,2,5,286.68,available,
EVT00012-Floor-26,EVT00012,Floor,2,6,215.01,available,
EVT00012-C-27,EVT00012,C,2,7,143.34,available,
EVT00012-B-28,EVT00012,B,2,8,143.34,available,
EVT00012-VIP-29,EVT00012,VIP,2,9,286.68,available,
EVT00012-B-210,EVT00012,B,2,10,143.34,booked,USR00106
EVT00012-Floor-31,EVT00012,Floor,3,1,215.01,booked,USR00150
EVT00012-B-32,EVT00012,B,3,2,143.34,available,
EVT00012-Floor-33,EVT00012,Floor,3,3,215.01,booked,USR00186
EVT00012-C-34,EVT00012,C,3,4,143.34,available,
EVT00012-Floor-35,EVT00012,Floor,3,5,215.01,available,
EVT00012-B-36,EVT00012,B,3,6,143.34,available,
EVT00012-B-37,EVT00012,B,3,7,143.34,booked,USR00052
EVT00012-Floor-38,EVT00012,Floor,3,8,215.01,available,
EVT00012-Floor-39,EVT00012,Floor,3,9,215.01,available,
EVT00012-B-310,EVT00012,B,3,10,143.34,available,
EVT00012-B-41,EVT00012,B,4,1,143.34,available,
EVT00012-Floor-42,EVT00012,Floor,4,2,215.01,available,
EVT00012-Floor-43,EVT00012,Floor,4,3,215.01,available,
EVT00012-A-44,EVT00012,A,4,4,143.34,booked,USR00169
EVT00012-B-45,EVT00012,B,4,5,143.34,available,
EVT00012-Floor-46,EVT00012,Floor,4,6,215.01,available,
EVT00012-VIP-47,EVT00012,VIP,4,7,286.68,available,
EVT00012-C-48,EVT00012,C,4,8,143.34,available,
EVT00012-Floor-49,EVT00012,Floor,4,9,215.01,available,
EVT00012-VIP-410,EVT00012,VIP,4,10,286.68,available,
EVT00012-VIP-51,EVT00012,VIP,5,1,286.68,available,
EVT00012-Floor-52,EVT00012,Floor,5,2,215.01,booked,USR00035
EVT00012-C-53,EVT00012,C,5,3,143.34,available,
EVT00012-B-54,EVT00012,B,5,4,143.34,available,
EVT00012-A-55,EVT00012,A,5,5,143.34,booked,USR00140
EVT00012-VIP-56,EVT00012,VIP,5,6,286.68,booked,USR00002
EVT00012-A-57,EVT00012,A,5,7,143.34,available,
EVT00012-A-58,EVT00012,A,5,8,143.34,available,
EVT00012-VIP-59,EVT00012,VIP,5,9,286.68,available,
EVT00012-C-510,EVT00012,C,5,10,143.34,available,
EVT00013-A-11,EVT00013,A,1,1,130.64,booked,USR00167
EVT00013-Floor-12,EVT00013,Floor,1,2,195.96,booked,USR00138
EVT00013-VIP-13,EVT00013,VIP,1,3,261.28,available,
EVT00013-Floor-14,EVT00013,Floor,1,4,195.96,booked,USR00175
EVT00013-VIP-15,EVT00013,VIP,1,5,261.28,available,
EVT00013-VIP-16,EVT00013,VIP,1,6,261.28,available,
EVT00013-Floor-17,EVT00013,Floor,1,7,195.96,available,
EVT00013-C-18,EVT00013,C,1,8,130.64,available,
EVT00013-VIP-19,EVT00013,VIP,1,9,261.28,booked,USR00079
EVT00013-Floor-110,EVT00013,Floor,1,10,195.96,booked,USR00181
EVT00013-VIP-21,EVT00013,VIP,2,1,261.28,available,
EVT00013-A-22,EVT00013,A,2,2,130.64,available,
EVT00013-VIP-23,EVT00013,VIP,2,3,261.28,available,
EVT00013-B-24,EVT00013,B,2,4,130.64,booked,USR00131
EVT00013-VIP-25,EVT00013,VIP,2,5,261.28,available,
EVT00013-Floor-26,EVT00013,Floor,2,6,195.96,available,
EVT00013-A-27,EVT00013,A,2,7,130.64,booked,USR00163
EVT00013-A-28,EVT00013,A,2,8,130.64,available,
EVT00013-B-29,EVT00013,B,2,9,130.64,available,
EVT00013-Floor-210,EVT00013,Floor,2,10,195.96,available,
EVT00013-A-31,EVT00013,A,3,1,130.64,booked,USR00095
EVT00013-A-32,EVT00013,A,3,2,130.64,available,
EVT00013-VIP-33,EVT00013,VIP,3,3,261.28,available,
EVT00013-VIP-34,EVT00013,VIP,3,4,261.28,available,
EVT00013-Floor-35,EVT00013,Floor,3,5,195.96,booked,USR00153
EVT00013-A-36,EVT00013,A,3,6,130.64,available,
EVT00013-B-37,EVT00013,B,3,7,130.64,available,
EVT00013-VIP-38,EVT00013,VIP,3,8,261.28,booked,USR00169
EVT00013-Floor-39,EVT00013,Floor,3,9,195.96,booked,USR00009
EVT00013-Floor-310,EVT00013,Floor,3,10,195.96,available,
EVT00013-B-41,EVT00013,B,4,1,130.64,available,
EVT00013-A-42,EVT00013,A,4,2,130.64,available,
EVT00013-A-43,EVT00013,A,4,3,130.64,available,
EVT00013-A-44,EVT00013,A,4,4,130.64,available,
EVT00013-VIP-45,EVT00013,VIP,4,5,261.28,available,
EVT00013-VIP-46,EVT00013,VIP,4,6,261.28,available,
EVT00013-B-47,EVT00013,B,4,7,130.64,available,
EVT00013-A-48,EVT00013,A,4,8,130.64,available,
EVT00013-Floor-49,EVT00013,Floor,4,9,195.96,booked,USR00144
EVT00013-Floor-410,EVT00013,Floor,4,10,195.96,booked,USR00071
EVT00013-B-51,EVT00013,B,5,1,130.64,available,
EVT00013-B-52,EVT00013,B,5,2,130.64,available,
EVT00013-VIP-53,EVT00013,VIP,5,3,261.28,available,
EVT00013-C-54,EVT00013,C,5,4,130.64,booked,USR00130
EVT00013-A-55,EVT00013,A,5,5,130.64,available,
EVT00013-Floor-56,EVT00013,Floor,5,6,195.96,booked,USR00030
EVT00013-Floor-57,EVT00013,Floor,5,7,195.96,available,
EVT00013-Floor-58,EVT00013,Floor,5,8,195.96,available,
EVT00013-Floor-59,EVT00013,Floor,5,9,195.96,booked,USR00114
EVT00013-VIP-510,EVT00013,VIP,5,10,261.28,available,
EVT00013-B-61,EVT00013,B,6,1,130.64,available,
EVT00013-VIP-62,EVT00013,VIP,6,2,261.28,available,
EVT00013-Floor-63,EVT00013,Floor,6,3,195.96,available,
EVT00013-VIP-64,EVT00013,VIP,6,4,261.28,booked,USR00018
EVT00013-VIP-65,EVT00013,VIP,6,5,261.28,available,
EVT00013-B-66,EVT00013,B,6,6,130.64,available,
EVT00013-B-67,EVT00013,B,6,7,130.64,available,
EVT00013-VIP-68,EVT00013,VIP,6,8,261.28,available,
EVT00013-Floor-69,EVT00013,Floor,6,9,195.96,available,
EVT00013-C-610,EVT00013,C,6,10,130.64,booked,USR00024
EVT00013-VIP-71,EVT00013,VIP,7,1,261.28,available,
EVT00013-C-72,EVT00013,C,7,2,130.64,booked,USR00046
EVT00013-VIP-73,EVT00013,VIP,7,3,261.28,booked,USR00056
EVT00013-Floor-74,EVT00013,Floor,7,4,195.96,booked,USR00192
EVT00013-B-75,EVT00013,B,7,5,130.64,available,
EVT00013-B-76,EVT00013,B,7,6,130.64,booked,USR00062
EVT00013-C-77,EVT00013,C,7,7,130.64,booked,USR00052
EVT00013-B-78,EVT00013,B,7,8,130.64,available,
EVT00013-C-79,EVT00013,C,7,9,130.64,booked,USR00028
EVT00013-A-710,EVT00013,A,7,10,130.64,available,
EVT00013-VIP-81,EVT00013,VIP,8,1,261.28,available,
EVT00013-Floor-82,EVT00013,Floor,8,2,195.96,available,
EVT00013-VIP-83,EVT00013,VIP,8,3,261.28,available,
EVT00013-C-84,EVT00013,C,8,4,130.64,available,
EVT00013-Floor-85,EVT00013,Floor,8,5,195.96,available,
EVT00013-VIP-86,EVT00013,VIP,8,6,261.28,booked,USR00196
EVT00013-Floor-87,EVT00013,Floor,8,7,195.96,booked,USR00057
EVT00013-Floor-88,EVT00013,Floor,8,8,195.96,booked,USR00135
EVT00013-VIP-89,EVT00013,VIP,8,9,261.28,available,
EVT00013-Floor-810,EVT00013,Floor,8,10,195.96,booked,USR00089
EVT00013-VIP-91,EVT00013,VIP,9,1,261.28,available,
EVT00013-B-92,EVT00013,B,9,2,130.64,available,
EVT00013-A-93,EVT00013,A,9,3,130.64,available,
EVT00013-VIP-94,EVT00013,VIP,9,4,261.28,booked,USR00003
EVT00013-A-95,EVT00013,A,9,5,130.64,available,
EVT00013-VIP-96,EVT00013,VIP,9,6,261.28,available,
EVT00013-C-97,EVT00013,C,9,7,130.64,available,
EVT00013-C-98,EVT00013,C,9,8,130.64,booked,USR00068
EVT00013-B-99,EVT00013,B,9,9,130.64,booked,USR00157
EVT00013-C-910,EVT00013,C,9,10,130.64,available,
EVT00013-VIP-101,EVT00013,VIP,10,1,261.28,available,
EVT00013-VIP-102,EVT00013,VIP,10,2,261.28,available,
EVT00013-C-103,EVT00013,C,10,3,130.64,available,
EVT00013-VIP-104,EVT00013,VIP,10,4,261.28,booked,USR00047
EVT00013-Floor-105,EVT00013,Floor,10,5,195.96,booked,USR00148
EVT00013-B-106,EVT00013,B,10,6,130.64,available,
EVT00013-C-107,EVT00013,C,10,7,130.64,available,
EVT00013-Floor-108,EVT00013,Floor,10,8,195.96,available,
EVT00013-VIP-109,EVT00013,VIP,10,9,261.28,booked,USR00190
EVT00013-B-1010,EVT00013,B,10,10,130.64,available,
EVT00013-A-111,EVT00013,A,11,1,130.64,booked,USR00128
EVT00013-B-112,EVT00013,B,11,2,130.64,available,
EVT00013-Floor-113,EVT00013,Floor,11,3,195.96,available,
EVT00013-C-114,EVT00013,C,11,4,130.64,available,
EVT00013-C-115,EVT00013,C,11,5,130.64,booked,USR00146
EVT00013-A-116,EVT00013,A,11,6,130.64,available,
EVT00013-B-117,EVT00013,B,11,7,130.64,booked,USR00066
EVT00013-VIP-118,EVT00013,VIP,11,8,261.28,available,
EVT00013-A-119,EVT00013,A,11,9,130.64,available,
EVT00013-C-1110,EVT00013,C,11,10,130.64,booked,USR00093
EVT00013-Floor-121,EVT00013,Floor,12,1,195.96,available,
EVT00013-C-122,EVT00013,C,12,2,130.64,booked,USR00106
EVT00013-A-123,EVT00013,A,12,3,130.64,available,
EVT00013-Floor-124,EVT00013,Floor,12,4,195.96,booked,USR00148
EVT00013-Floor-125,EVT00013,Floor,12,5,195.96,booked,USR00200
EVT00013-C-126,EVT00013,C,12,6,130.64,available,
EVT00013-Floor-127,EVT00013,Floor,12,7,195.96,available,
EVT00013-VIP-128,EVT00013,VIP,12,8,261.28,available,
EVT00013-VIP-129,EVT00013,VIP,12,9,261.28,available,
EVT00013-VIP-1210,EVT00013,VIP,12,10,261.28,available,
EVT00013-B-131,EVT00013,B,13,1,130.64,available,
EVT00013-C-132,EVT00013,C,13,2,130.64,available,
EVT00013-Floor-133,EVT00013,Floor,13,3,195.96,available,
EVT00013-A-134,EVT00013,A,13,4,130.64,booked,USR00088
EVT00013-B-135,EVT00013,B,13,5,130.64,booked,USR00168
EVT00013-C-136,EVT00013,C,13,6,130.64,available,
EVT00013-Floor-137,EVT00013,Floor,13,7,195.96,available,
EVT00013-C-138,EVT00013,C,13,8,130.64,available,
EVT00013-C-139,EVT00013,C,13,9,130.64,available,
EVT00013-Floor-1310,EVT00013,Floor,13,10,195.96,available,
EVT00013-VIP-141,EVT00013,VIP,14,1,261.28,booked,USR00006
EVT00013-B-142,EVT00013,B,14,2,130.64,available,
EVT00013-C-143,EVT00013,C,14,3,130.64,available,
EVT00013-A-144,EVT00013,A,14,4,130.64,booked,USR00102
EVT00013-A-145,EVT00013,A,14,5,130.64,booked,USR00122
EVT00013-Floor-146,EVT00013,Floor,14,6,195.96,booked,USR00198
EVT00013-VIP-147,EVT00013,VIP,14,7,261.28,available,
EVT00013-A-148,EVT00013,A,14,8,130.64,booked,USR00159
EVT00013-B-149,EVT00013,B,14,9,130.64,booked,USR00100
EVT00013-C-1410,EVT00013,C,14,10,130.64,booked,USR00189
EVT00013-C-151,EVT00013,C,15,1,130.64,available,
EVT00013-B-152,EVT00013,B,15,2,130.64,booked,USR00044
EVT00013-A-153,EVT00013,A,15,3,130.64,booked,USR00092
EVT00013-C-154,EVT00013,C,15,4,130.64,available,
EVT00013-VIP-155,EVT00013,VIP,15,5,261.28,available,
EVT00013-Floor-156,EVT00013,Floor,15,6,195.96,available,
EVT00013-Floor-157,EVT00013,Floor,15,7,195.96,available,
EVT00013-Floor-158,EVT00013,Floor,15,8,195.96,booked,USR00153
EVT00013-VIP-159,EVT00013,VIP,15,9,261.28,available,
EVT00013-Floor-1510,EVT00013,Floor,15,10,195.96,available,
EVT00013-Floor-161,EVT00013,Floor,16,1,195.96,booked,USR00089
EVT00013-VIP-162,EVT00013,VIP,16,2,261.28,available,
EVT00013-A-163,EVT00013,A,16,3,130.64,available,
EVT00013-C-164,EVT00013,C,16,4,130.64,available,
EVT00013-B-165,EVT00013,B,16,5,130.64,booked,USR00001
EVT00013-Floor-166,EVT00013,Floor,16,6,195.96,available,
EVT00013-B-167,EVT00013,B,16,7,130.64,booked,USR00121
EVT00013-Floor-168,EVT00013,Floor,16,8,195.96,booked,USR00126
EVT00013-VIP-169,EVT00013,VIP,16,9,261.28,booked,USR00197
EVT00013-VIP-1610,EVT00013,VIP,16,10,261.28,available,
EVT00013-Floor-171,EVT00013,Floor,17,1,195.96,booked,USR00002
EVT00013-Floor-172,EVT00013,Floor,17,2,195.96,available,
EVT00013-VIP-173,EVT00013,VIP,17,3,261.28,available,
EVT00013-VIP-174,EVT00013,VIP,17,4,261.28,available,
EVT00013-B-175,EVT00013,B,17,5,130.64,available,
EVT00013-VIP-176,EVT00013,VIP,17,6,261.28,available,
EVT00013-B-177,EVT00013,B,17,7,130.64,booked,USR00109
EVT00013-B-178,EVT00013,B,17,8,130.64,available,
EVT00013-Floor-179,EVT00013,Floor,17,9,195.96,available,
EVT00013-C-1710,EVT00013,C,17,10,130.64,booked,USR00191
EVT00013-Floor-181,EVT00013,Floor,18,1,195.96,available,
EVT00013-VIP-182,EVT00013,VIP,18,2,261.28,booked,USR00018
EVT00013-B-183,EVT00013,B,18,3,130.64,booked,USR00029
EVT00013-VIP-184,EVT00013,VIP,18,4,261.28,available,
EVT00013-C-185,EVT00013,C,18,5,130.64,available,
EVT00013-VIP-186,EVT00013,VIP,18,6,261.28,booked,USR00005
EVT00013-B-187,EVT00013,B,18,7,130.64,booked,USR00137
EVT00013-A-188,EVT00013,A,18,8,130.64,booked,USR00027
EVT00013-C-189,EVT00013,C,18,9,130.64,booked,USR00184
EVT00013-VIP-1810,EVT00013,VIP,18,10,261.28,available,
EVT00013-B-191,EVT00013,B,19,1,130.64,booked,USR00004
EVT00013-VIP-192,EVT00013,VIP,19,2,261.28,booked,USR00108
EVT00013-C-193,EVT00013,C,19,3,130.64,available,
EVT00013-VIP-194,EVT00013,VIP,19,4,261.28,available,
EVT00013-VIP-195,EVT00013,VIP,19,5,261.28,available,
EVT00013-A-196,EVT00013,A,19,6,130.64,booked,USR00193
EVT00013-B-197,EVT00013,B,19,7,130.64,booked,USR00199
EVT00013-VIP-198,EVT00013,VIP,19,8,261.28,booked,USR00121
EVT00013-B-199,EVT00013,B,19,9,130.64,booked,USR00065
EVT00013-VIP-1910,EVT00013,VIP,19,10,261.28,available,
EVT00013-A-201,EVT00013,A,20,1,130.64,available,
EVT00013-B-202,EVT00013,B,20,2,130.64,available,
EVT00013-VIP-203,EVT00013,VIP,20,3,261.28,booked,USR00009
EVT00013-B-204,EVT00013,B,20,4,130.64,available,
EVT00013-A-205,EVT00013,A,20,5,130.64,available,
EVT00013-B-206,EVT00013,B,20,6,130.64,available,
EVT00013-C-207,EVT00013,C,20,7,130.64,available,
EVT00013-B-208,EVT00013,B,20,8,130.64,available,
EVT00013-A-209,EVT00013,A,20,9,130.64,available,
EVT00013-Floor-2010,EVT00013,Floor,20,10,195.96,available,
EVT00014-C-11,EVT00014,C,1,1,239.68,available,
EVT00014-C-12,EVT00014,C,1,2,239.68,booked,USR00014
EVT00014-B-13,EVT00014,B,1,3,239.68,available,
EVT00014-B-14,EVT00014,B,1,4,239.68,available,
EVT00014-C-15,EVT00014,C,1,5,239.68,booked,USR00071
EVT00014-Floor-16,EVT00014,Floor,1,6,359.52,booked,USR00063
EVT00014-A-17,EVT00014,A,1,7,239.68,available,
EVT00014-Floor-18,EVT00014,Floor,1,8,359.52,available,
EVT00014-VIP-19,EVT00014,VIP,1,9,479.36,available,
EVT00014-B-110,EVT00014,B,1,10,239.68,available,
EVT00014-A-21,EVT00014,A,2,1,239.68,booked,USR00128
EVT00014-A-22,EVT00014,A,2,2,239.68,available,
EVT00014-C-23,EVT00014,C,2,3,239.68,available,
EVT00014-A-24,EVT00014,A,2,4,239.68,booked,USR00166
EVT00014-B-25,EVT00014,B,2,5,239.68,available,
EVT00014-A-26,EVT00014,A,2,6,239.68,booked,USR00060
EVT00014-C-27,EVT00014,C,2,7,239.68,available,
EVT00014-C-28,EVT00014,C,2,8,239.68,available,
EVT00014-VIP-29,EVT00014,VIP,2,9,479.36,available,
EVT00014-A-210,EVT00014,A,2,10,239.68,available,
EVT00014-C-31,EVT00014,C,3,1,239.68,available,
EVT00014-C-32,EVT00014,C,3,2,239.68,available,
EVT00014-VIP-33,EVT00014,VIP,3,3,479.36,available,
EVT00014-Floor-34,EVT00014,Floor,3,4,359.52,booked,USR00179
EVT00014-VIP-35,EVT00014,VIP,3,5,479.36,booked,USR00048
EVT00014-Floor-36,EVT00014,Floor,3,6,359.52,booked,USR00188
EVT00014-VIP-37,EVT00014,VIP,3,7,479.36,booked,USR00154
EVT00014-Floor-38,EVT00014,Floor,3,8,359.52,booked,USR00136
EVT00014-B-39,EVT00014,B,3,9,239.68,available,
EVT00014-C-310,EVT00014,C,3,10,239.68,available,
EVT00014-VIP-41,EVT00014,VIP,4,1,479.36,booked,USR00164
EVT00014-Floor-42,EVT00014,Floor,4,2,359.52,available,
EVT00014-B-43,EVT00014,B,4,3,239.68,available,
EVT00014-Floor-44,EVT00014,Floor,4,4,359.52,available,
EVT00014-Floor-45,EVT00014,Floor,4,5,359.52,booked,USR00185
EVT00014-A-46,EVT00014,A,4,6,239.68,available,
EVT00014-Floor-47,EVT00014,Floor,4,7,359.52,available,
EVT00014-B-48,EVT00014,B,4,8,239.68,available,
EVT00014-VIP-49,EVT00014,VIP,4,9,479.36,available,
EVT00014-B-410,EVT00014,B,4,10,239.68,available,
EVT00014-C-51,EVT00014,C,5,1,239.68,available,
EVT00014-C-52,EVT00014,C,5,2,239.68,booked,USR00134
EVT00014-A-53,EVT00014,A,5,3,239.68,booked,USR00034
EVT00014-B-54,EVT00014,B,5,4,239.68,available,
EVT00014-B-55,EVT00014,B,5,5,239.68,booked,USR00050
EVT00014-A-56,EVT00014,A,5,6,239.68,booked,USR00165
EVT00014-VIP-57,EVT00014,VIP,5,7,479.36,available,
EVT00014-Floor-58,EVT00014,Floor,5,8,359.52,available,
EVT00014-Floor-59,EVT00014,Floor,5,9,359.52,booked,USR00094
EVT00014-B-510,EVT00014,B,5,10,239.68,available,
EVT00014-A-61,EVT00014,A,6,1,239.68,booked,USR00054
EVT00014-VIP-62,EVT00014,VIP,6,2,479.36,available,
EVT00014-A-63,EVT00014,A,6,3,239.68,available,
EVT00014-A-64,EVT00014,A,6,4,239.68,available,
EVT00014-VIP-65,EVT00014,VIP,6,5,479.36,available,
EVT00014-A-66,EVT00014,A,6,6,239.68,available,
EVT00014-C-67,EVT00014,C,6,7,239.68,available,
EVT00014-A-68,EVT00014,A,6,8,239.68,available,
EVT00014-A-69,EVT00014,A,6,9,239.68,available,
EVT00014-Floor-610,EVT00014,Floor,6,10,359.52,booked,USR00186
EVT00014-B-71,EVT00014,B,7,1,239.68,available,
EVT00014-B-72,EVT00014,B,7,2,239.68,booked,USR00169
EVT00014-B-73,EVT00014,B,7,3,239.68,available,
EVT00014-B-74,EVT00014,B,7,4,239.68,available,
EVT00014-Floor-75,EVT00014,Floor,7,5,359.52,available,
EVT00014-A-76,EVT00014,A,7,6,239.68,available,
EVT00014-Floor-77,EVT00014,Floor,7,7,359.52,available,
EVT00014-VIP-78,EVT00014,VIP,7,8,479.36,available,
EVT00014-VIP-79,EVT00014,VIP,7,9,479.36,available,
EVT00014-B-710,EVT00014,B,7,10,239.68,available,
EVT00014-Floor-81,EVT00014,Floor,8,1,359.52,available,
EVT00014-C-82,EVT00014,C,8,2,239.68,available,
EVT00014-Floor-83,EVT00014,Floor,8,3,359.52,available,
EVT00014-VIP-84,EVT00014,VIP,8,4,479.36,available,
EVT00014-C-85,EVT00014,C,8,5,239.68,available,
EVT00014-C-86,EVT00014,C,8,6,239.68,available,
EVT00014-VIP-87,EVT00014,VIP,8,7,479.36,available,
EVT00014-VIP-88,EVT00014,VIP,8,8,479.36,available,
EVT00014-C-89,EVT00014,C,8,9,239.68,available,
EVT00014-Floor-810,EVT00014,Floor,8,10,359.52,available,
EVT00014-VIP-91,EVT00014,VIP,9,1,479.36,available,
EVT00014-C-92,EVT00014,C,9,2,239.68,available,
EVT00014-VIP-93,EVT00014,VIP,9,3,479.36,available,
EVT00014-VIP-94,EVT00014,VIP,9,4,479.36,booked,USR00009
EVT00014-C-95,EVT00014,C,9,5,239.68,available,
EVT00014-Floor-96,EVT00014,Floor,9,6,359.52,booked,USR00078
EVT00014-A-97,EVT00014,A,9,7,239.68,booked,USR00057
EVT00014-B-98,EVT00014,B,9,8,239.68,available,
EVT00014-A-99,EVT00014,A,9,9,239.68,available,
EVT00014-C-910,EVT00014,C,9,10,239.68,available,
EVT00014-Floor-101,EVT00014,Floor,10,1,359.52,available,
EVT00014-Floor-102,EVT00014,Floor,10,2,359.52,booked,USR00010
EVT00014-VIP-103,EVT00014,VIP,10,3,479.36,available,
EVT00014-B-104,EVT00014,B,10,4,239.68,booked,USR00150
EVT00014-B-105,EVT00014,B,10,5,239.68,booked,USR00077
EVT00014-A-106,EVT00014,A,10,6,239.68,available,
EVT00014-Floor-107,EVT00014,Floor,10,7,359.52,available,
EVT00014-A-108,EVT00014,A,10,8,239.68,available,
EVT00014-VIP-109,EVT00014,VIP,10,9,479.36,booked,USR00177
EVT00014-Floor-1010,EVT00014,Floor,10,10,359.52,available,
EVT00014-A-111,EVT00014,A,11,1,239.68,available,
EVT00014-C-112,EVT00014,C,11,2,239.68,booked,USR00148
EVT00014-VIP-113,EVT00014,VIP,11,3,479.36,booked,USR00015
EVT00014-C-114,EVT00014,C,11,4,239.68,booked,USR00112
EVT00014-VIP-115,EVT00014,VIP,11,5,479.36,available,
EVT00014-A-116,EVT00014,A,11,6,239.68,available,
EVT00014-B-117,EVT00014,B,11,7,239.68,available,
EVT00014-Floor-118,EVT00014,Floor,11,8,359.52,available,
EVT00014-VIP-119,EVT00014,VIP,11,9,479.36,booked,USR00135
EVT00014-A-1110,EVT00014,A,11,10,239.68,booked,USR00145
EVT00014-B-121,EVT00014,B,12,1,239.68,booked,USR00179
EVT00014-B-122,EVT00014,B,12,2,239.68,booked,USR00173
EVT00014-VIP-123,EVT00014,VIP,12,3,479.36,available,
EVT00014-Floor-124,EVT00014,Floor,12,4,359.52,available,
EVT00014-A-125,EVT00014,A,12,5,239.68,booked,USR00075
EVT00014-VIP-126,EVT00014,VIP,12,6,479.36,booked,USR00087
EVT00014-A-127,EVT00014,A,12,7,239.68,available,
EVT00014-A-128,EVT00014,A,12,8,239.68,available,
EVT00014-C-129,EVT00014,C,12,9,239.68,booked,USR00129
EVT00014-VIP-1210,EVT00014,VIP,12,10,479.36,available,
EVT00014-B-131,EVT00014,B,13,1,239.68,available,
EVT00014-VIP-132,EVT00014,VIP,13,2,479.36,available,
EVT00014-VIP-133,EVT00014,VIP,13,3,479.36,available,
EVT00014-Floor-134,EVT00014,Floor,13,4,359.52,booked,USR00158
EVT00014-Floor-135,EVT00014,Floor,13,5,359.52,booked,USR00019
EVT00014-C-136,EVT00014,C,13,6,239.68,available,
EVT00014-C-137,EVT00014,C,13,7,239.68,available,
EVT00014-Floor-138,EVT00014,Floor,13,8,359.52,booked,USR00172
EVT00014-VIP-139,EVT00014,VIP,13,9,479.36,available,
EVT00014-C-1310,EVT00014,C,13,10,239.68,booked,USR00089
EVT00014-Floor-141,EVT00014,Floor,14,1,359.52,available,
EVT00014-C-142,EVT00014,C,14,2,239.68,booked,USR00090
EVT00014-Floor-143,EVT00014,Floor,14,3,359.52,available,
EVT00014-VIP-144,EVT00014,VIP,14,4,479.36,available,
EVT00014-VIP-145,EVT00014,VIP,14,5,479.36,booked,USR00060
EVT00014-B-146,EVT00014,B,14,6,239.68,available,
EVT00014-B-147,EVT00014,B,14,7,239.68,available,
EVT00014-A-148,EVT00014,A,14,8,239.68,booked,USR00014
EVT00014-B-149,EVT00014,B,14,9,239.68,available,
EVT00014-B-1410,EVT00014,B,14,10,239.68,available,
EVT00014-C-151,EVT00014,C,15,1,239.68,booked,USR00178
EVT00014-A-152,EVT00014,A,15,2,239.68,booked,USR00121
EVT00014-A-153,EVT00014,A,15,3,239.68,booked,USR00190
EVT00014-Floor-154,EVT00014,Floor,15,4,359.52,booked,USR00140
EVT00014-Floor-155,EVT00014,Floor,15,5,359.52,available,
EVT00014-Floor-156,EVT00014,Floor,15,6,359.52,available,
EVT00014-B-157,EVT00014,B,15,7,239.68,available,
EVT00014-A-158,EVT00014,A,15,8,239.68,available,
EVT00014-Floor-159,EVT00014,Floor,15,9,359.52,booked,USR00044
EVT00014-A-1510,EVT00014,A,15,10,239.68,booked,USR00179
EVT00015-Floor-11,EVT00015,Floor,1,1,374.13,booked,USR00120
EVT00015-A-12,EVT00015,A,1,2,249.42,booked,USR00170
EVT00015-C-13,EVT00015,C,1,3,249.42,available,
EVT00015-C-14,EVT00015,C,1,4,249.42,available,
EVT00015-A-15,EVT00015,A,1,5,249.42,booked,USR00167
EVT00015-VIP-16,EVT00015,VIP,1,6,498.84,booked,USR00098
EVT00015-Floor-17,EVT00015,Floor,1,7,374.13,available,
EVT00015-A-18,EVT00015,A,1,8,249.42,available,
EVT00015-VIP-19,EVT00015,VIP,1,9,498.84,available,
EVT00015-Floor-110,EVT00015,Floor,1,10,374.13,booked,USR00051
EVT00015-Floor-21,EVT00015,Floor,2,1,374.13,available,
EVT00015-Floor-22,EVT00015,Floor,2,2,374.13,available,
EVT00015-A-23,EVT00015,A,2,3,249.42,booked,USR00136
EVT00015-C-24,EVT00015,C,2,4,249.42,booked,USR00101
EVT00015-B-25,EVT00015,B,2,5,249.42,booked,USR00176
EVT00015-C-26,EVT00015,C,2,6,249.42,available,
EVT00015-C-27,EVT00015,C,2,7,249.42,booked,USR00129
EVT00015-C-28,EVT00015,C,2,8,249.42,available,
EVT00015-C-29,EVT00015,C,2,9,249.42,available,
EVT00015-A-210,EVT00015,A,2,10,249.42,available,
EVT00015-C-31,EVT00015,C,3,1,249.42,booked,USR00088
EVT00015-VIP-32,EVT00015,VIP,3,2,498.84,available,
EVT00015-A-33,EVT00015,A,3,3,249.42,available,
EVT00015-Floor-34,EVT00015,Floor,3,4,374.13,available,
EVT00015-Floor-35,EVT00015,Floor,3,5,374.13,available,
EVT00015-B-36,EVT00015,B,3,6,249.42,available,
EVT00015-Floor-37,EVT00015,Floor,3,7,374.13,booked,USR00080
EVT00015-Floor-38,EVT00015,Floor,3,8,374.13,booked,USR00139
EVT00015-B-39,EVT00015,B,3,9,249.42,booked,USR00036
EVT00015-Floor-310,EVT00015,Floor,3,10,374.13,available,
EVT00015-B-41,EVT00015,B,4,1,249.42,available,
EVT00015-C-42,EVT00015,C,4,2,249.42,available,
EVT00015-Floor-43,EVT00015,Floor,4,3,374.13,available,
EVT00015-VIP-44,EVT00015,VIP,4,4,498.84,available,
EVT00015-B-45,EVT00015,B,4,5,249.42,available,
EVT00015-Floor-46,EVT00015,Floor,4,6,374.13,available,
EVT00015-C-47,EVT00015,C,4,7,249.42,booked,USR00137
EVT00015-A-48,EVT00015,A,4,8,249.42,booked,USR00038
EVT00015-A-49,EVT00015,A,4,9,249.42,available,
EVT00015-VIP-410,EVT00015,VIP,4,10,498.84,available,
EVT00015-C-51,EVT00015,C,5,1,249.42,available,
EVT00015-C-52,EVT00015,C,5,2,249.42,booked,USR00049
EVT00015-A-53,EVT00015,A,5,3,249.42,booked,USR00007
EVT00015-Floor-54,EVT00015,Floor,5,4,374.13,available,
EVT00015-Floor-55,EVT00015,Floor,5,5,374.13,available,
EVT00015-B-56,EVT00015,B,5,6,249.42,available,
EVT00015-B-57,EVT00015,B,5,7,249.42,available,
EVT00015-C-58,EVT00015,C,5,8,249.42,booked,USR00200
EVT00015-VIP-59,EVT00015,VIP,5,9,498.84,booked,USR00155
EVT00015-VIP-510,EVT00015,VIP,5,10,498.84,available,
EVT00015-C-61,EVT00015,C,6,1,249.42,booked,USR00100
EVT00015-VIP-62,EVT00015,VIP,6,2,498.84,available,
EVT00015-B-63,EVT00015,B,6,3,249.42,booked,USR00009
EVT00015-VIP-64,EVT00015,VIP,6,4,498.84,available,
EVT00015-A-65,EVT00015,A,6,5,249.42,available,
EVT00015-VIP-66,EVT00015,VIP,6,6,498.84,booked,USR00172
EVT00015-B-67,EVT00015,B,6,7,249.42,available,
EVT00015-A-68,EVT00015,A,6,8,249.42,booked,USR00113
EVT00015-Floor-69,EVT00015,Floor,6,9,374.13,available,
EVT00015-C-610,EVT00015,C,6,10,249.42,available,
EVT00015-B-71,EVT00015,B,7,1,249.42,available,
EVT00015-A-72,EVT00015,A,7,2,249.42,available,
EVT00015-VIP-73,EVT00015,VIP,7,3,498.84,available,
EVT00015-VIP-74,EVT00015,VIP,7,4,498.84,available,
EVT00015-Floor-75,EVT00015,Floor,7,5,374.13,available,
EVT00015-Floor-76,EVT00015,Floor,7,6,374.13,available,
EVT00015-A-77,EVT00015,A,7,7,249.42,available,
EVT00015-VIP-78,EVT00015,VIP,7,8,498.84,available,
EVT00015-A-79,EVT00015,A,7,9,249.42,available,
EVT00015-B-710,EVT00015,B,7,10,249.42,available,
EVT00015-VIP-81,EVT00015,VIP,8,1,498.84,available,
EVT00015-A-82,EVT00015,A,8,2,249.42,available,
EVT00015-Floor-83,EVT00015,Floor,8,3,374.13,available,
EVT00015-A-84,EVT00015,A,8,4,249.42,booked,USR00113
EVT00015-VIP-85,EVT00015,VIP,8,5,498.84,available,
EVT00015-C-86,EVT00015,C,8,6,249.42,available,
EVT00015-VIP-87,EVT00015,VIP,8,7,498.84,booked,USR00014
EVT00015-Floor-88,EVT00015,Floor,8,8,374.13,available,
EVT00015-VIP-89,EVT00015,VIP,8,9,498.84,available,
EVT00015-VIP-810,EVT00015,VIP,8,10,498.84,booked,USR00129
EVT00015-A-91,EVT00015,A,9,1,249.42,booked,USR00150
EVT00015-Floor-92,EVT00015,Floor,9,2,374.13,booked,USR00106
EVT00015-C-93,EVT00015,C,9,3,249.42,available,
EVT00015-B-94,EVT00015,B,9,4,249.42,available,
EVT00015-B-95,EVT00015,B,9,5,249.42,available,
EVT00015-A-96,EVT00015,A,9,6,249.42,booked,USR00178
EVT00015-B-97,EVT00015,B,9,7,249.42,available,
EVT00015-A-98,EVT00015,A,9,8,249.42,booked,USR00181
EVT00015-VIP-99,EVT00015,VIP,9,9,498.84,available,
EVT00015-A-910,EVT00015,A,9,10,249.42,available,
EVT00015-VIP-101,EVT00015,VIP,10,1,498.84,available,
EVT00015-Floor-102,EVT00015,Floor,10,2,374.13,available,
EVT00015-B-103,EVT00015,B,10,3,249.42,available,
EVT00015-VIP-104,EVT00015,VIP,10,4,498.84,booked,USR00044
EVT00015-C-105,EVT00015,C,10,5,249.42,available,
EVT00015-B-106,EVT00015,B,10,6,249.42,booked,USR00038
EVT00015-B-107,EVT00015,B,10,7,249.42,available,
EVT00015-A-108,EVT00015,A,10,8,249.42,available,
EVT00015-C-109,EVT00015,C,10,9,249.42,available,
EVT00015-VIP-1010,EVT00015,VIP,10,10,498.84,booked,USR00047
EVT00015-A-111,EVT00015,A,11,1,249.42,available,
EVT00015-B-112,EVT00015,B,11,2,249.42,booked,USR00196
EVT00015-C-113,EVT00015,C,11,3,249.42,booked,USR00128
EVT00015-VIP-114,EVT00015,VIP,11,4,498.84,available,
EVT00015-A-115,EVT00015,A,11,5,249.42,available,
EVT00015-VIP-116,EVT00015,VIP,11,6,498.84,booked,USR00151
EVT00015-VIP-117,EVT00015,VIP,11,7,498.84,available,
EVT00015-VIP-118,EVT00015,VIP,11,8,498.84,booked,USR00154
EVT00015-A-119,EVT00015,A,11,9,249.42,booked,USR00141
EVT00015-C-1110,EVT00015,C,11,10,249.42,available,
EVT00015-Floor-121,EVT00015,Floor,12,1,374.13,available,
EVT00015-B-122,EVT00015,B,12,2,249.42,booked,USR00038
EVT00015-A-123,EVT00015,A,12,3,249.42,available,
EVT00015-A-124,EVT00015,A,12,4,249.42,booked,USR00009
EVT00015-Floor-125,EVT00015,Floor,12,5,374.13,available,
EVT00015-C-126,EVT00015,C,12,6,249.42,booked,USR00023
EVT00015-A-127,EVT00015,A,12,7,249.42,booked,USR00046
EVT00015-B-128,EVT00015,B,12,8,249.42,available,
EVT00015-Floor-129,EVT00015,Floor,12,9,374.13,available,
EVT00015-Floor-1210,EVT00015,Floor,12,10,374.13,available,
EVT00015-Floor-131,EVT00015,Floor,13,1,374.13,booked,USR00117
EVT00015-Floor-132,EVT00015,Floor,13,2,374.13,available,
EVT00015-A-133,EVT00015,A,13,3,249.42,booked,USR00077
EVT00015-C-134,EVT00015,C,13,4,249.42,available,
EVT00015-VIP-135,EVT00015,VIP,13,5,498.84,available,
EVT00015-VIP-136,EVT00015,VIP,13,6,498.84,available,
EVT00015-A-137,EVT00015,A,13,7,249.42,booked,USR00035
EVT00015-A-138,EVT00015,A,13,8,249.42,available,
EVT00015-C-139,EVT00015,C,13,9,249.42,booked,USR00106
EVT00015-Floor-1310,EVT00015,Floor,13,10,374.13,booked,USR00054
EVT00015-Floor-141,EVT00015,Floor,14,1,374.13,booked,USR00147
EVT00015-Floor-142,EVT00015,Floor,14,2,374.13,available,
EVT00015-VIP-143,EVT00015,VIP,14,3,498.84,available,
EVT00015-Floor-144,EVT00015,Floor,14,4,374.13,available,
EVT00015-C-145,EVT00015,C,14,5,249.42,available,
EVT00015-C-146,EVT00015,C,14,6,249.42,booked,USR00148
EVT00015-Floor-147,EVT00015,Floor,14,7,374.13,available,
EVT00015-B-148,EVT00015,B,14,8,249.42,available,
EVT00015-VIP-149,EVT00015,VIP,14,9,498.84,available,
EVT00015-VIP-1410,EVT00015,VIP,14,10,498.84,available,
EVT00015-B-151,EVT00015,B,15,1,249.42,available,
EVT00015-B-152,EVT00015,B,15,2,249.42,available,
EVT00015-B-153,EVT00015,B,15,3,249.42,booked,USR00007
EVT00015-VIP-154,EVT00015,VIP,15,4,498.84,available,
EVT00015-A-155,EVT00015,A,15,5,249.42,available,
EVT00015-B-156,EVT00015,B,15,6,249.42,available,
EVT00015-VIP-157,EVT00015,VIP,15,7,498.84,available,
EVT00015-C-158,EVT00015,C,15,8,249.42,booked,USR00164
EVT00015-B-159,EVT00015,B,15,9,249.42,booked,USR00052
EVT00015-C-1510,EVT00015,C,15,10,249.42,booked,USR00018
EVT00015-C-161,EVT00015,C,16,1,249.42,booked,USR00141
EVT00015-C-162,EVT00015,C,16,2,249.42,available,
EVT00015-A-163,EVT00015,A,16,3,249.42,available,
EVT00015-C-164,EVT00015,C,16,4,249.42,available,
EVT00015-Floor-165,EVT00015,Floor,16,5,374.13,available,
EVT00015-A-166,EVT00015,A,16,6,249.42,available,
EVT00015-B-167,EVT00015,B,16,7,249.42,booked,USR00087
EVT00015-VIP-168,EVT00015,VIP,16,8,498.84,available,
EVT00015-A-169,EVT00015,A,16,9,249.42,available,
EVT00015-VIP-1610,EVT00015,VIP,16,10,498.84,booked,USR00118
EVT00015-Floor-171,EVT00015,Floor,17,1,374.13,available,
EVT00015-VIP-172,EVT00015,VIP,17,2,498.84,available,
EVT00015-VIP-173,EVT00015,VIP,17,3,498.84,available,
EVT00015-A-174,EVT00015,A,17,4,249.42,available,
EVT00015-C-175,EVT00015,C,17,5,249.42,available,
EVT00015-C-176,EVT00015,C,17,6,249.42,available,
EVT00015-A-177,EVT00015,A,17,7,249.42,booked,USR00176
EVT00015-C-178,EVT00015,C,17,8,249.42,available,
EVT00015-C-179,EVT00015,C,17,9,249.42,booked,USR00039
EVT00015-C-1710,EVT00015,C,17,10,249.42,available,
EVT00015-C-181,EVT00015,C,18,1,249.42,available,
EVT00015-Floor-182,EVT00015,Floor,18,2,374.13,available,
EVT00015-Floor-183,EVT00015,Floor,18,3,374.13,available,
EVT00015-B-184,EVT00015,B,18,4,249.42,available,
EVT00015-C-185,EVT00015,C,18,5,249.42,available,
EVT00015-C-186,EVT00015,C,18,6,249.42,available,
EVT00015-C-187,EVT00015,C,18,7,249.42,available,
EVT00015-VIP-188,EVT00015,VIP,18,8,498.84,available,
EVT00015-C-189,EVT00015,C,18,9,249.42,available,
EVT00015-C-1810,EVT00015,C,18,10,249.42,booked,USR00078
EVT00015-B-191,EVT00015,B,19,1,249.42,booked,USR00010
EVT00015-B-192,EVT00015,B,19,2,249.42,available,
EVT00015-VIP-193,EVT00015,VIP,19,3,498.84,available,
EVT00015-VIP-194,EVT00015,VIP,19,4,498.84,available,
EVT00015-B-195,EVT00015,B,19,5,249.42,booked,USR00124
EVT00015-Floor-196,EVT00015,Floor,19,6,374.13,booked,USR00084
EVT00015-B-197,EVT00015,B,19,7,249.42,available,
EVT00015-A-198,EVT00015,A,19,8,249.42,available,
EVT00015-Floor-199,EVT00015,Floor,19,9,374.13,available,
EVT00015-B-1910,EVT00015,B,19,10,249.42,booked,USR00010
EVT00015-VIP-201,EVT00015,VIP,20,1,498.84,available,
EVT00015-Floor-202,EVT00015,Floor,20,2,374.13,booked,USR00080
EVT00015-A-203,EVT00015,A,20,3,249.42,available,
EVT00015-Floor-204,EVT00015,Floor,20,4,374.13,available,
EVT00015-C-205,EVT00015,C,20,5,249.42,available,
EVT00015-A-206,EVT00015,A,20,6,249.42,booked,USR00197
EVT00015-C-207,EVT00015,C,20,7,249.42,booked,USR00195
EVT00015-C-208,EVT00015,C,20,8,249.42,available,
EVT00015-B-209,EVT00015,B,20,9,249.42,booked,USR00050
EVT00015-C-2010,EVT00015,C,20,10,249.42,booked,USR00082
EVT00016-VIP-11,EVT00016,VIP,1,1,456.54,available,
EVT00016-C-12,EVT00016,C,1,2,228.27,booked,USR00071
EVT00016-A-13,EVT00016,A,1,3,228.27,booked,USR00160
EVT00016-Floor-14,EVT00016,Floor,1,4,342.41,available,
EVT00016-B-15,EVT00016,B,1,5,228.27,available,
EVT00016-Floor-16,EVT00016,Floor,1,6,342.41,booked,USR00037
EVT00016-C-17,EVT00016,C,1,7,228.27,available,
EVT00016-B-18,EVT00016,B,1,8,228.27,booked,USR00157
EVT00016-C-19,EVT00016,C,1,9,228.27,available,
EVT00016-A-110,EVT00016,A,1,10,228.27,booked,USR00121
EVT00016-A-21,EVT00016,A,2,1,228.27,booked,USR00014
EVT00016-A-22,EVT00016,A,2,2,228.27,available,
EVT00016-B-23,EVT00016,B,2,3,228.27,available,
EVT00016-Floor-24,EVT00016,Floor,2,4,342.41,available,
EVT00016-VIP-25,EVT00016,VIP,2,5,456.54,available,
EVT00016-C-26,EVT00016,C,2,6,228.27,booked,USR00051
EVT00016-Floor-27,EVT00016,Floor,2,7,342.41,booked,USR00194
EVT00016-VIP-28,EVT00016,VIP,2,8,456.54,available,
EVT00016-A-29,EVT00016,A,2,9,228.27,available,
EVT00016-VIP-210,EVT00016,VIP,2,10,456.54,booked,USR00080
EVT00016-VIP-31,EVT00016,VIP,3,1,456.54,available,
EVT00016-B-32,EVT00016,B,3,2,228.27,booked,USR00158
EVT00016-C-33,EVT00016,C,3,3,228.27,available,
EVT00016-VIP-34,EVT00016,VIP,3,4,456.54,booked,USR00171
EVT00016-C-35,EVT00016,C,3,5,228.27,available,
EVT00016-C-36,EVT00016,C,3,6,228.27,available,
EVT00016-A-37,EVT00016,A,3,7,228.27,booked,USR00029
EVT00016-C-38,EVT00016,C,3,8,228.27,available,
EVT00016-B-39,EVT00016,B,3,9,228.27,booked,USR00090
EVT00016-Floor-310,EVT00016,Floor,3,10,342.41,available,
EVT00016-Floor-41,EVT00016,Floor,4,1,342.41,booked,USR00183
EVT00016-A-42,EVT00016,A,4,2,228.27,booked,USR00167
EVT00016-A-43,EVT00016,A,4,3,228.27,available,
EVT00016-Floor-44,EVT00016,Floor,4,4,342.41,available,
EVT00016-Floor-45,EVT00016,Floor,4,5,342.41,available,
EVT00016-Floor-46,EVT00016,Floor,4,6,342.41,booked,USR00041
EVT00016-VIP-47,EVT00016,VIP,4,7,456.54,available,
EVT00016-C-48,EVT00016,C,4,8,228.27,booked,USR00178
EVT00016-Floor-49,EVT00016,Floor,4,9,342.41,available,
EVT00016-VIP-410,EVT00016,VIP,4,10,456.54,available,
EVT00016-C-51,EVT00016,C,5,1,228.27,available,
EVT00016-B-52,EVT00016,B,5,2,228.27,booked,USR00172
EVT00016-A-53,EVT00016,A,5,3,228.27,available,
EVT00016-Floor-54,EVT00016,Floor,5,4,342.41,available,
EVT00016-A-55,EVT00016,A,5,5,228.27,available,
EVT00016-VIP-56,EVT00016,VIP,5,6,456.54,booked,USR00025
EVT00016-VIP-57,EVT00016,VIP,5,7,456.54,booked,USR00104
EVT00016-A-58,EVT00016,A,5,8,228.27,available,
EVT00016-Floor-59,EVT00016,Floor,5,9,342.41,available,
EVT00016-VIP-510,EVT00016,VIP,5,10,456.54,booked,USR00166
EVT00017-A-11,EVT00017,A,1,1,79.94,booked,USR00036
EVT00017-Floor-12,EVT00017,Floor,1,2,119.91,available,
EVT00017-A-13,EVT00017,A,1,3,79.94,available,
EVT00017-B-14,EVT00017,B,1,4,79.94,available,
EVT00017-C-15,EVT00017,C,1,5,79.94,available,
EVT00017-Floor-16,EVT00017,Floor,1,6,119.91,available,
EVT00017-B-17,EVT00017,B,1,7,79.94,available,
EVT00017-C-18,EVT00017,C,1,8,79.94,booked,USR00174
EVT00017-C-19,EVT00017,C,1,9,79.94,available,
EVT00017-VIP-110,EVT00017,VIP,1,10,159.88,available,
EVT00017-C-21,EVT00017,C,2,1,79.94,available,
EVT00017-Floor-22,EVT00017,Floor,2,2,119.91,booked,USR00131
EVT00017-VIP-23,EVT00017,VIP,2,3,159.88,available,
EVT00017-C-24,EVT00017,C,2,4,79.94,booked,USR00141
EVT00017-A-25,EVT00017,A,2,5,79.94,booked,USR00144
EVT00017-C-26,EVT00017,C,2,6,79.94,booked,USR00073
EVT00017-A-27,EVT00017,A,2,7,79.94,booked,USR00180
EVT00017-Floor-28,EVT00017,Floor,2,8,119.91,available,
EVT00017-C-29,EVT00017,C,2,9,79.94,available,
EVT00017-VIP-210,EVT00017,VIP,2,10,159.88,available,
EVT00017-Floor-31,EVT00017,Floor,3,1,119.91,booked,USR00045
EVT00017-VIP-32,EVT00017,VIP,3,2,159.88,booked,USR00143
EVT00017-VIP-33,EVT00017,VIP,3,3,159.88,available,
EVT00017-C-34,EVT00017,C,3,4,79.94,available,
EVT00017-B-35,EVT00017,B,3,5,79.94,booked,USR00172
EVT00017-B-36,EVT00017,B,3,6,79.94,booked,USR00019
EVT00017-A-37,EVT00017,A,3,7,79.94,booked,USR00125
EVT00017-VIP-38,EVT00017,VIP,3,8,159.88,available,
EVT00017-B-39,EVT00017,B,3,9,79.94,booked,USR00165
EVT00017-VIP-310,EVT00017,VIP,3,10,159.88,available,
EVT00017-Floor-41,EVT00017,Floor,4,1,119.91,available,
EVT00017-Floor-42,EVT00017,Floor,4,2,119.91,booked,USR00131
EVT00017-VIP-43,EVT00017,VIP,4,3,159.88,available,
EVT00017-VIP-44,EVT00017,VIP,4,4,159.88,available,
EVT00017-B-45,EVT00017,B,4,5,79.94,booked,USR00155
EVT00017-A-46,EVT00017,A,4,6,79.94,available,
EVT00017-B-47,EVT00017,B,4,7,79.94,available,
EVT00017-C-48,EVT00017,C,4,8,79.94,available,
EVT00017-Floor-49,EVT00017,Floor,4,9,119.91,available,
EVT00017-A-410,EVT00017,A,4,10,79.94,available,
EVT00017-Floor-51,EVT00017,Floor,5,1,119.91,available,
EVT00017-C-52,EVT00017,C,5,2,79.94,booked,USR00124
EVT00017-A-53,EVT00017,A,5,3,79.94,booked,USR00188
EVT00017-Floor-54,EVT00017,Floor,5,4,119.91,available,
EVT00017-C-55,EVT00017,C,5,5,79.94,available,
EVT00017-A-56,EVT00017,A,5,6,79.94,available,
EVT00017-Floor-57,EVT00017,Floor,5,7,119.91,booked,USR00121
EVT00017-A-58,EVT00017,A,5,8,79.94,available,
EVT00017-Floor-59,EVT00017,Floor,5,9,119.91,available,
EVT00017-C-510,EVT00017,C,5,10,79.94,available,
EVT00018-C-11,EVT00018,C,1,1,164.43,available,
EVT00018-A-12,EVT00018,A,1,2,164.43,available,
EVT00018-Floor-13,EVT00018,Floor,1,3,246.65,available,
EVT00018-Floor-14,EVT00018,Floor,1,4,246.65,available,
EVT00018-VIP-15,EVT00018,VIP,1,5,328.86,available,
EVT00018-C-16,EVT00018,C,1,6,164.43,booked,USR00010
EVT00018-Floor-17,EVT00018,Floor,1,7,246.65,available,
EVT00018-Floor-18,EVT00018,Floor,1,8,246.65,booked,USR00162
EVT00018-VIP-19,EVT00018,VIP,1,9,328.86,available,
EVT00018-Floor-110,EVT00018,Floor,1,10,246.65,booked,USR00075
EVT00018-Floor-21,EVT00018,Floor,2,1,246.65,booked,USR00125
EVT00018-A-22,EVT00018,A,2,2,164.43,booked,USR00020
EVT00018-C-23,EVT00018,C,2,3,164.43,booked,USR00158
EVT00018-C-24,EVT00018,C,2,4,164.43,booked,USR00066
EVT00018-A-25,EVT00018,A,2,5,164.43,available,
EVT00018-Floor-26,EVT00018,Floor,2,6,246.65,booked,USR00152
EVT00018-B-27,EVT00018,B,2,7,164.43,available,
EVT00018-C-28,EVT00018,C,2,8,164.43,available,
EVT00018-C-29,EVT00018,C,2,9,164.43,available,
EVT00018-B-210,EVT00018,B,2,10,164.43,available,
EVT00018-Floor-31,EVT00018,Floor,3,1,246.65,available,
EVT00018-C-32,EVT00018,C,3,2,164.43,available,
EVT00018-B-33,EVT00018,B,3,3,164.43,available,
EVT00018-B-34,EVT00018,B,3,4,164.43,available,
EVT00018-VIP-35,EVT00018,VIP,3,5,328.86,available,
EVT00018-B-36,EVT00018,B,3,6,164.43,available,
EVT00018-B-37,EVT00018,B,3,7,164.43,booked,USR00188
EVT00018-C-38,EVT00018,C,3,8,164.43,booked,USR00068
EVT00018-A-39,EVT00018,A,3,9,164.43,booked,USR00119
EVT00018-VIP-310,EVT00018,VIP,3,10,328.86,available,
EVT00018-VIP-41,EVT00018,VIP,4,1,328.86,available,
EVT00018-Floor-42,EVT00018,Floor,4,2,246.65,booked,USR00175
EVT00018-VIP-43,EVT00018,VIP,4,3,328.86,available,
EVT00018-B-44,EVT00018,B,4,4,164.43,available,
EVT00018-VIP-45,EVT00018,VIP,4,5,328.86,booked,USR00115
EVT00018-VIP-46,EVT00018,VIP,4,6,328.86,available,
EVT00018-Floor-47,EVT00018,Floor,4,7,246.65,available,
EVT00018-A-48,EVT00018,A,4,8,164.43,booked,USR00137
EVT00018-C-49,EVT00018,C,4,9,164.43,available,
EVT00018-VIP-410,EVT00018,VIP,4,10,328.86,available,
EVT00018-C-51,EVT00018,C,5,1,164.43,booked,USR00069
EVT00018-A-52,EVT00018,A,5,2,164.43,booked,USR00150
EVT00018-VIP-53,EVT00018,VIP,5,3,328.86,available,
EVT00018-B-54,EVT00018,B,5,4,164.43,available,
EVT00018-Floor-55,EVT00018,Floor,5,5,246.65,available,
EVT00018-Floor-56,EVT00018,Floor,5,6,246.65,booked,USR00177
EVT00018-B-57,EVT00018,B,5,7,164.43,booked,USR00003
EVT00018-A-58,EVT00018,A,5,8,164.43,available,
EVT00018-A-59,EVT00018,A,5,9,164.43,available,
EVT00018-Floor-510,EVT00018,Floor,5,10,246.65,booked,USR00115
EVT00018-C-61,EVT00018,C,6,1,164.43,booked,USR00073
EVT00018-C-62,EVT00018,C,6,2,164.43,booked,USR00007
EVT00018-Floor-63,EVT00018,Floor,6,3,246.65,booked,USR00153
EVT00018-B-64,EVT00018,B,6,4,164.43,available,
EVT00018-A-65,EVT00018,A,6,5,164.43,available,
EVT00018-A-66,EVT00018,A,6,6,164.43,booked,USR00155
EVT00018-B-67,EVT00018,B,6,7,164.43,available,
EVT00018-Floor-68,EVT00018,Floor,6,8,246.65,available,
EVT00018-B-69,EVT00018,B,6,9,164.43,available,
EVT00018-B-610,EVT00018,B,6,10,164.43,booked,USR00120
EVT00018-A-71,EVT00018,A,7,1,164.43,available,
EVT00018-C-72,EVT00018,C,7,2,164.43,available,
EVT00018-C-73,EVT00018,C,7,3,164.43,booked,USR00200
EVT00018-A-74,EVT00018,A,7,4,164.43,booked,USR00016
EVT00018-VIP-75,EVT00018,VIP,7,5,328.86,available,
EVT00018-A-76,EVT00018,A,7,6,164.43,booked,USR00068
EVT00018-B-77,EVT00018,B,7,7,164.43,available,
EVT00018-VIP-78,EVT00018,VIP,7,8,328.86,available,
EVT00018-B-79,EVT00018,B,7,9,164.43,available,
EVT00018-B-710,EVT00018,B,7,10,164.43,available,
EVT00018-A-81,EVT00018,A,8,1,164.43,booked,USR00197
EVT00018-VIP-82,EVT00018,VIP,8,2,328.86,booked,USR00165
EVT00018-A-83,EVT00018,A,8,3,164.43,available,
EVT00018-C-84,EVT00018,C,8,4,164.43,booked,USR00019
EVT00018-A-85,EVT00018,A,8,5,164.43,available,
EVT00018-C-86,EVT00018,C,8,6,164.43,available,
EVT00018-A-87,EVT00018,A,8,7,164.43,available,
EVT00018-B-88,EVT00018,B,8,8,164.43,available,
EVT00018-A-89,EVT00018,A,8,9,164.43,available,
EVT00018-VIP-810,EVT00018,VIP,8,10,328.86,booked,USR00180
EVT00018-C-91,EVT00018,C,9,1,164.43,available,
EVT00018-Floor-92,EVT00018,Floor,9,2,246.65,booked,USR00182
EVT00018-VIP-93,EVT00018,VIP,9,3,328.86,available,
EVT00018-VIP-94,EVT00018,VIP,9,4,328.86,available,
EVT00018-A-95,EVT00018,A,9,5,164.43,available,
EVT00018-A-96,EVT00018,A,9,6,164.43,available,
EVT00018-VIP-97,EVT00018,VIP,9,7,328.86,booked,USR00138
EVT00018-C-98,EVT00018,C,9,8,164.43,booked,USR00078
EVT00018-VIP-99,EVT00018,VIP,9,9,328.86,booked,USR00166
EVT00018-A-910,EVT00018,A,9,10,164.43,available,
EVT00018-C-101,EVT00018,C,10,1,164.43,booked,USR00118
EVT00018-C-102,EVT00018,C,10,2,164.43,available,
EVT00018-B-103,EVT00018,B,10,3,164.43,available,
EVT00018-VIP-104,EVT00018,VIP,10,4,328.86,available,
EVT00018-C-105,EVT00018,C,10,5,164.43,available,
EVT00018-A-106,EVT00018,A,10,6,164.43,available,
EVT00018-C-107,EVT00018,C,10,7,164.43,available,
EVT00018-VIP-108,EVT00018,VIP,10,8,328.86,available,
EVT00018-B-109,EVT00018,B,10,9,164.43,booked,USR00007
EVT00018-Floor-1010,EVT00018,Floor,10,10,246.65,booked,USR00100
EVT00018-A-111,EVT00018,A,11,1,164.43,available,
EVT00018-C-112,EVT00018,C,11,2,164.43,available,
EVT00018-VIP-113,EVT00018,VIP,11,3,328.86,available,
EVT00018-A-114,EVT00018,A,11,4,164.43,booked,USR00015
EVT00018-C-115,EVT00018,C,11,5,164.43,available,
EVT00018-A-116,EVT00018,A,11,6,164.43,available,
EVT00018-B-117,EVT00018,B,11,7,164.43,available,
EVT00018-Floor-118,EVT00018,Floor,11,8,246.65,available,
EVT00018-Floor-119,EVT00018,Floor,11,9,246.65,booked,USR00149
EVT00018-B-1110,EVT00018,B,11,10,164.43,available,
EVT00018-A-121,EVT00018,A,12,1,164.43,available,
EVT00018-VIP-122,EVT00018,VIP,12,2,328.86,available,
EVT00018-VIP-123,EVT00018,VIP,12,3,328.86,available,
EVT00018-Floor-124,EVT00018,Floor,12,4,246.65,booked,USR00180
EVT00018-B-125,EVT00018,B,12,5,164.43,booked,USR00162
EVT00018-A-126,EVT00018,A,12,6,164.43,available,
EVT00018-A-127,EVT00018,A,12,7,164.43,available,
EVT00018-B-128,EVT00018,B,12,8,164.43,available,
EVT00018-A-129,EVT00018,A,12,9,164.43,available,
EVT00018-A-1210,EVT00018,A,12,10,164.43,booked,USR00153
EVT00018-Floor-131,EVT00018,Floor,13,1,246.65,booked,USR00052
EVT00018-VIP-132,EVT00018,VIP,13,2,328.86,booked,USR00189
EVT00018-VIP-133,EVT00018,VIP,13,3,328.86,booked,USR00176
EVT00018-Floor-134,EVT00018,Floor,13,4,246.65,available,
EVT00018-C-135,EVT00018,C,13,5,164.43,available,
EVT00018-B-136,EVT00018,B,13,6,164.43,available,
EVT00018-Floor-137,EVT00018,Floor,13,7,246.65,booked,USR00017
EVT00018-A-138,EVT00018,A,13,8,164.43,booked,USR00194
EVT00018-VIP-139,EVT00018,VIP,13,9,328.86,booked,USR00095
EVT00018-Floor-1310,EVT00018,Floor,13,10,246.65,booked,USR00063
EVT00018-Floor-141,EVT00018,Floor,14,1,246.65,booked,USR00026
EVT00018-Floor-142,EVT00018,Floor,14,2,246.65,available,
EVT00018-B-143,EVT00018,B,14,3,164.43,booked,USR00125
EVT00018-A-144,EVT00018,A,14,4,164.43,booked,USR00046
EVT00018-A-145,EVT00018,A,14,5,164.43,available,
EVT00018-Floor-146,EVT00018,Floor,14,6,246.65,available,
EVT00018-VIP-147,EVT00018,VIP,14,7,328.86,available,
EVT00018-VIP-148,EVT00018,VIP,14,8,328.86,available,
EVT00018-B-149,EVT00018,B,14,9,164.43,booked,USR00070
EVT00018-Floor-1410,EVT00018,Floor,14,10,246.65,available,
EVT00018-B-151,EVT00018,B,15,1,164.43,available,
EVT00018-Floor-152,EVT00018,Floor,15,2,246.65,available,
EVT00018-Floor-153,EVT00018,Floor,15,3,246.65,booked,USR00128
EVT00018-Floor-154,EVT00018,Floor,15,4,246.65,available,
EVT00018-C-155,EVT00018,C,15,5,164.43,booked,USR00002
EVT00018-Floor-156,EVT00018,Floor,15,6,246.65,booked,USR00031
EVT00018-Floor-157,EVT00018,Floor,15,7,246.65,available,
EVT00018-Floor-158,EVT00018,Floor,15,8,246.65,available,
EVT00018-Floor-159,EVT00018,Floor,15,9,246.65,available,
EVT00018-VIP-1510,EVT00018,VIP,15,10,328.86,available,
EVT00018-B-161,EVT00018,B,16,1,164.43,booked,USR00050
EVT00018-A-162,EVT00018,A,16,2,164.43,available,
EVT00018-VIP-163,EVT00018,VIP,16,3,328.86,available,
EVT00018-B-164,EVT00018,B,16,4,164.43,available,
EVT00018-A-165,EVT00018,A,16,5,164.43,booked,USR00094
EVT00018-C-166,EVT00018,C,16,6,164.43,booked,USR00065
EVT00018-C-167,EVT00018,C,16,7,164.43,available,
EVT00018-VIP-168,EVT00018,VIP,16,8,328.86,booked,USR00190
EVT00018-A-169,EVT00018,A,16,9,164.43,available,
EVT00018-B-1610,EVT00018,B,16,10,164.43,booked,USR00008
EVT00018-VIP-171,EVT00018,VIP,17,1,328.86,available,
EVT00018-A-172,EVT00018,A,17,2,164.43,available,
EVT00018-VIP-173,EVT00018,VIP,17,3,328.86,available,
EVT00018-C-174,EVT00018,C,17,4,164.43,available,
EVT00018-C-175,EVT00018,C,17,5,164.43,booked,USR00029
EVT00018-C-176,EVT00018,C,17,6,164.43,booked,USR00061
EVT00018-VIP-177,EVT00018,VIP,17,7,328.86,available,
EVT00018-VIP-178,EVT00018,VIP,17,8,328.86,available,
EVT00018-A-179,EVT00018,A,17,9,164.43,available,
EVT00018-VIP-1710,EVT00018,VIP,17,10,328.86,booked,USR00112
EVT00018-B-181,EVT00018,B,18,1,164.43,booked,USR00157
EVT00018-VIP-182,EVT00018,VIP,18,2,328.86,booked,USR00096
EVT00018-B-183,EVT00018,B,18,3,164.43,available,
EVT00018-B-184,EVT00018,B,18,4,164.43,available,
EVT00018-C-185,EVT00018,C,18,5,164.43,booked,USR00033
EVT00018-A-186,EVT00018,A,18,6,164.43,available,
EVT00018-A-187,EVT00018,A,18,7,164.43,booked,USR00029
EVT00018-VIP-188,EVT00018,VIP,18,8,328.86,available,
EVT00018-B-189,EVT00018,B,18,9,164.43,available,
EVT00018-B-1810,EVT00018,B,18,10,164.43,available,
EVT00018-Floor-191,EVT00018,Floor,19,1,246.65,booked,USR00164
EVT00018-Floor-192,EVT00018,Floor,19,2,246.65,available,
EVT00018-Floor-193,EVT00018,Floor,19,3,246.65,available,
EVT00018-B-194,EVT00018,B,19,4,164.43,booked,USR00134
EVT00018-VIP-195,EVT00018,VIP,19,5,328.86,available,
EVT00018-B-196,EVT00018,B,19,6,164.43,available,
EVT00018-VIP-197,EVT00018,VIP,19,7,328.86,booked,USR00187
EVT00018-VIP-198,EVT00018,VIP,19,8,328.86,available,
EVT00018-B-199,EVT00018,B,19,9,164.43,booked,USR00112
EVT00018-Floor-1910,EVT00018,Floor,19,10,246.65,booked,USR00152
EVT00018-B-201,EVT00018,B,20,1,164.43,available,
EVT00018-A-202,EVT00018,A,20,2,164.43,available,
EVT00018-A-203,EVT00018,A,20,3,164.43,booked,USR00121
EVT00018-Floor-204,EVT00018,Floor,20,4,246.65,booked,USR00136
EVT00018-VIP-205,EVT00018,VIP,20,5,328.86,available,
EVT00018-A-206,EVT00018,A,20,6,164.43,available,
EVT00018-B-207,EVT00018,B,20,7,164.43,booked,USR00193
EVT00018-A-208,EVT00018,A,20,8,164.43,available,
EVT00018-VIP-209,EVT00018,VIP,20,9,328.86,available,
EVT00018-B-2010,EVT00018,B,20,10,164.43,available,
EVT00019-B-11,EVT00019,B,1,1,128.4,available,
EVT00019-A-12,EVT00019,A,1,2,128.4,booked,USR00172
EVT00019-C-13,EVT00019,C,1,3,128.4,booked,USR00118
EVT00019-Floor-14,EVT00019,Floor,1,4,192.6,available,
EVT00019-A-15,EVT00019,A,1,5,128.4,available,
EVT00019-VIP-16,EVT00019,VIP,1,6,256.8,available,
EVT00019-VIP-17,EVT00019,VIP,1,7,256.8,booked,USR00095
EVT00019-VIP-18,EVT00019,VIP,1,8,256.8,available,
EVT00019-A-19,EVT00019,A,1,9,128.4,available,
EVT00019-A-110,EVT00019,A,1,10,128.4,available,
EVT00019-C-21,EVT00019,C,2,1,128.4,available,
EVT00019-C-22,EVT00019,C,2,2,128.4,available,
EVT00019-C-23,EVT00019,C,2,3,128.4,available,
EVT00019-Floor-24,EVT00019,Floor,2,4,192.6,available,
EVT00019-B-25,EVT00019,B,2,5,128.4,available,
EVT00019-A-26,EVT00019,A,2,6,128.4,available,
EVT00019-C-27,EVT00019,C,2,7,128.4,available,
EVT00019-A-28,EVT00019,A,2,8,128.4,available,
EVT00019-C-29,EVT00019,C,2,9,128.4,available,
EVT00019-A-210,EVT00019,A,2,10,128.4,available,
EVT00019-VIP-31,EVT00019,VIP,3,1,256.8,available,
EVT00019-C-32,EVT00019,C,3,2,128.4,available,
EVT00019-Floor-33,EVT00019,Floor,3,3,192.6,available,
EVT00019-Floor-34,EVT00019,Floor,3,4,192.6,available,
EVT00019-B-35,EVT00019,B,3,5,128.4,booked,USR00086
EVT00019-B-36,EVT00019,B,3,6,128.4,available,
EVT00019-VIP-37,EVT00019,VIP,3,7,256.8,available,
EVT00019-Floor-38,EVT00019,Floor,3,8,192.6,available,
EVT00019-B-39,EVT00019,B,3,9,128.4,available,
EVT00019-B-310,EVT00019,B,3,10,128.4,booked,USR00069
EVT00019-Floor-41,EVT00019,Floor,4,1,192.6,available,
EVT00019-C-42,EVT00019,C,4,2,128.4,booked,USR00096
EVT00019-C-43,EVT00019,C,4,3,128.4,available,
EVT00019-Floor-44,EVT00019,Floor,4,4,192.6,available,
EVT00019-A-45,EVT00019,A,4,5,128.4,available,
EVT00019-Floor-46,EVT00019,Floor,4,6,192.6,available,
EVT00019-Floor-47,EVT00019,Floor,4,7,192.6,available,
EVT00019-VIP-48,EVT00019,VIP,4,8,256.8,available,
EVT00019-A-49,EVT00019,A,4,9,128.4,booked,USR00118
EVT00019-A-410,EVT00019,A,4,10,128.4,booked,USR00046
EVT00019-C-51,EVT00019,C,5,1,128.4,available,
EVT00019-A-52,EVT00019,A,5,2,128.4,booked,USR00071
EVT00019-A-53,EVT00019,A,5,3,128.4,available,
EVT00019-VIP-54,EVT00019,VIP,5,4,256.8,booked,USR00053
EVT00019-Floor-55,EVT00019,Floor,5,5,192.6,available,
EVT00019-A-56,EVT00019,A,5,6,128.4,booked,USR00175
EVT00019-Floor-57,EVT00019,Floor,5,7,192.6,available,
EVT00019-VIP-58,EVT00019,VIP,5,8,256.8,booked,USR00114
EVT00019-A-59,EVT00019,A,5,9,128.4,booked,USR00017
EVT00019-A-510,EVT00019,A,5,10,128.4,available,
EVT00019-B-61,EVT00019,B,6,1,128.4,available,
EVT00019-Floor-62,EVT00019,Floor,6,2,192.6,available,
EVT00019-VIP-63,EVT00019,VIP,6,3,256.8,available,
EVT00019-C-64,EVT00019,C,6,4,128.4,available,
EVT00019-Floor-65,EVT00019,Floor,6,5,192.6,available,
EVT00019-VIP-66,EVT00019,VIP,6,6,256.8,available,
EVT00019-Floor-67,EVT00019,Floor,6,7,192.6,booked,USR00079
EVT00019-B-68,EVT00019,B,6,8,128.4,available,
EVT00019-B-69,EVT00019,B,6,9,128.4,available,
EVT00019-C-610,EVT00019,C,6,10,128.4,available,
EVT00019-A-71,EVT00019,A,7,1,128.4,booked,USR00073
EVT00019-VIP-72,EVT00019,VIP,7,2,256.8,available,
EVT00019-Floor-73,EVT00019,Floor,7,3,192.6,available,
EVT00019-Floor-74,EVT00019,Floor,7,4,192.6,booked,USR00045
EVT00019-B-75,EVT00019,B,7,5,128.4,booked,USR00030
EVT00019-A-76,EVT00019,A,7,6,128.4,available,
EVT00019-Floor-77,EVT00019,Floor,7,7,192.6,booked,USR00067
EVT00019-C-78,EVT00019,C,7,8,128.4,booked,USR00144
EVT00019-A-79,EVT00019,A,7,9,128.4,available,
EVT00019-C-710,EVT00019,C,7,10,128.4,booked,USR00115
EVT00019-Floor-81,EVT00019,Floor,8,1,192.6,available,
EVT00019-Floor-82,EVT00019,Floor,8,2,192.6,booked,USR00007
EVT00019-VIP-83,EVT00019,VIP,8,3,256.8,available,
EVT00019-B-84,EVT00019,B,8,4,128.4,available,
EVT00019-C-85,EVT00019,C,8,5,128.4,booked,USR00190
EVT00019-Floor-86,EVT00019,Floor,8,6,192.6,available,
EVT00019-C-87,EVT00019,C,8,7,128.4,available,
EVT00019-C-88,EVT00019,C,8,8,128.4,available,
EVT00019-C-89,EVT00019,C,8,9,128.4,available,
EVT00019-Floor-810,EVT00019,Floor,8,10,192.6,available,
EVT00019-Floor-91,EVT00019,Floor,9,1,192.6,available,
EVT00019-VIP-92,EVT00019,VIP,9,2,256.8,booked,USR00029
EVT00019-VIP-93,EVT00019,VIP,9,3,256.8,available,
EVT00019-B-94,EVT00019,B,9,4,128.4,available,
EVT00019-A-95,EVT00019,A,9,5,128.4,booked,USR00103
EVT00019-Floor-96,EVT00019,Floor,9,6,192.6,available,
EVT00019-VIP-97,EVT00019,VIP,9,7,256.8,available,
EVT00019-C-98,EVT00019,C,9,8,128.4,booked,USR00165
EVT00019-B-99,EVT00019,B,9,9,128.4,available,
EVT00019-B-910,EVT00019,B,9,10,128.4,available,
EVT00019-C-101,EVT00019,C,10,1,128.4,booked,USR00022
EVT00019-Floor-102,EVT00019,Floor,10,2,192.6,available,
EVT00019-A-103,EVT00019,A,10,3,128.4,available,
EVT00019-VIP-104,EVT00019,VIP,10,4,256.8,booked,USR00082
EVT00019-Floor-105,EVT00019,Floor,10,5,192.6,available,
EVT00019-A-106,EVT00019,A,10,6,128.4,available,
EVT00019-C-107,EVT00019,C,10,7,128.4,available,
EVT00019-VIP-108,EVT00019,VIP,10,8,256.8,available,
EVT00019-C-109,EVT00019,C,10,9,128.4,booked,USR00089
EVT00019-C-1010,EVT00019,C,10,10,128.4,booked,USR00115
EVT00020-Floor-11,EVT00020,Floor,1,1,370.83,booked,USR00187
EVT00020-VIP-12,EVT00020,VIP,1,2,494.44,available,
EVT00020-VIP-13,EVT00020,VIP,1,3,494.44,available,
EVT00020-C-14,EVT00020,C,1,4,247.22,booked,USR00187
EVT00020-VIP-15,EVT00020,VIP,1,5,494.44,available,
EVT00020-VIP-16,EVT00020,VIP,1,6,494.44,booked,USR00151
EVT00020-Floor-17,EVT00020,Floor,1,7,370.83,booked,USR00054
EVT00020-C-18,EVT00020,C,1,8,247.22,available,
EVT00020-Floor-19,EVT00020,Floor,1,9,370.83,available,
EVT00020-A-110,EVT00020,A,1,10,247.22,available,
EVT00020-Floor-21,EVT00020,Floor,2,1,370.83,available,
EVT00020-A-22,EVT00020,A,2,2,247.22,booked,USR00164
EVT00020-C-23,EVT00020,C,2,3,247.22,available,
EVT00020-Floor-24,EVT00020,Floor,2,4,370.83,available,
EVT00020-Floor-25,EVT00020,Floor,2,5,370.83,available,
EVT00020-B-26,EVT00020,B,2,6,247.22,booked,USR00098
EVT00020-C-27,EVT00020,C,2,7,247.22,available,
EVT00020-A-28,EVT00020,A,2,8,247.22,available,
EVT00020-C-29,EVT00020,C,2,9,247.22,available,
EVT00020-C-210,EVT00020,C,2,10,247.22,available,
EVT00020-VIP-31,EVT00020,VIP,3,1,494.44,booked,USR00001
EVT00020-B-32,EVT00020,B,3,2,247.22,booked,USR00164
EVT00020-VIP-33,EVT00020,VIP,3,3,494.44,booked,USR00171
EVT00020-C-34,EVT00020,C,3,4,247.22,available,
EVT00020-VIP-35,EVT00020,VIP,3,5,494.44,available,
EVT00020-B-36,EVT00020,B,3,6,247.22,booked,USR00196
EVT00020-C-37,EVT00020,C,3,7,247.22,available,
EVT00020-A-38,EVT00020,A,3,8,247.22,available,
EVT00020-C-39,EVT00020,C,3,9,247.22,available,
EVT00020-Floor-310,EVT00020,Floor,3,10,370.83,available,
EVT00020-C-41,EVT00020,C,4,1,247.22,available,
EVT00020-VIP-42,EVT00020,VIP,4,2,494.44,available,
EVT00020-A-43,EVT00020,A,4,3,247.22,available,
EVT00020-Floor-44,EVT00020,Floor,4,4,370.83,booked,USR00067
EVT00020-B-45,EVT00020,B,4,5,247.22,available,
EVT00020-B-46,EVT00020,B,4,6,247.22,booked,USR00178
EVT00020-B-47,EVT00020,B,4,7,247.22,available,
EVT00020-A-48,EVT00020,A,4,8,247.22,booked,USR00108
EVT00020-C-49,EVT00020,C,4,9,247.22,booked,USR00075
EVT00020-Floor-410,EVT00020,Floor,4,10,370.83,available,
EVT00020-A-51,EVT00020,A,5,1,247.22,available,
EVT00020-B-52,EVT00020,B,5,2,247.22,available,
EVT00020-Floor-53,EVT00020,Floor,5,3,370.83,available,
EVT00020-Floor-54,EVT00020,Floor,5,4,370.83,booked,USR00081
EVT00020-C-55,EVT00020,C,5,5,247.22,booked,USR00179
EVT00020-C-56,EVT00020,C,5,6,247.22,booked,USR00149
EVT00020-C-57,EVT00020,C,5,7,247.22,available,
EVT00020-A-58,EVT00020,A,5,8,247.22,booked,USR00073
EVT00020-C-59,EVT00020,C,5,9,247.22,available,
EVT00020-VIP-510,EVT00020,VIP,5,10,494.44,booked,USR00042
